STRUCTURE,STRUCTURE_ID,STRUCTURE_NAME,ACTION,LOCATION,Country,INDICATOR,Indicator,SUBJECT,Subject,MEASURE,Measure,FREQUENCY,Frequency,TIME_PERIOD,Time,OBS_VALUE,Observation Value,OBS_STATUS,Observation Status,UNIT_MEASURE,Unit of Measures,UNIT_MULT,Multiplier,BASE_PER,Base reference period
DATAFLOW,OECD:DF_DP_LIVE(1.0),OECD Data Archive,I,FRA,France,GDPHRWKD,GDP per hour worked,TOT,Total,USD,US dollars,A,Annual,2013,,64.173601,,A,,,,,,,
DATAFLOW,OECD:DF_DP_LIVE(1.0),OECD Data Archive,I,COL,Colombia,GDPHRWKD,GDP per hour worked,TOT,Total,USD,US dollars,A,Annual,2013,,12.052849,,A,,,,,,,
DATAFLOW,OECD:DF_DP_LIVE(1.0),OECD Data Archive,I,GBR,United Kingdom,GDPHRWKD,GDP per hour worked,TOT,Total,USD,US dollars,A,Annual,2006,,56.146209,,A,,,,,,,
DATAFLOW,OECD:DF_DP_LIVE(1.0),OECD Data Archive,I,CHE,Switzerland,GDPHRWKD,GDP per hour worked,TOT,Total,USD,US dollars,A,Annual,2006,,66.315161,,A,,,,,,,
DATAFLOW,OECD:DF_DP_LIVE(1.0),OECD Data Archive,I,NOR,Norway,GDPHRWKD,GDP per hour worked,TOT,Total,USD,US dollars,A,Annual,2006,,82.755687,,A,,,,,,,
DATAFLOW,OECD:DF_DP_LIVE(1.0),OECD Data Archive,I,AUT,Austria,GDPHRWKD,GDP per hour worked,TOT,Total,USD,US dollars,A,Annual,2006,,62.235253,,A,,,,,,,
DATAFLOW,OECD:DF_DP_LIVE(1.0),OECD Data Archive,I,AUS,Australia,GDPHRWKD,GDP per hour worked,TOT,Total,USD,US dollars,A,Annual,2006,,47.267823,,A,,,,,,,
DATAFLOW,OECD:DF_DP_LIVE(1.0),OECD Data Archive,I,NZL,New Zealand,GDPHRWKD,GDP per hour worked,TOT,Total,USD,US dollars,A,Annual,2006,,37.446902,,A,,,,,,,
DATAFLOW,OECD:DF_DP_LIVE(1.0),OECD Data Archive,I,TUR,Türkiye,GDPHRWKD,GDP per hour worked,TOT,Total,USD,US dollars,A,Annual,2014,,40.443125,,A,,,,,,,
DATAFLOW,OECD:DF_DP_LIVE(1.0),OECD Data Archive,I,SVK,Slovak Republic,GDPHRWKD,GDP per hour worked,TOT,Total,USD,US dollars,A,Annual,2014,,39.622443,,A,,,,,,,
DATAFLOW,OECD:DF_DP_LIVE(1.0),OECD Data Archive,I,ISL,Iceland,GDPHRWKD,GDP per hour worked,TOT,Total,USD,US dollars,A,Annual,2006,,52.938942,,A,,,,,,,
DATAFLOW,OECD:DF_DP_LIVE(1.0),OECD Data Archive,I,DNK,Denmark,GDPHRWKD,GDP per hour worked,TOT,Total,USD,US dollars,A,Annual,2006,,64.892447,,A,,,,,,,
DATAFLOW,OECD:DF_DP_LIVE(1.0),OECD Data Archive,I,BEL,Belgium,GDPHRWKD,GDP per hour worked,TOT,Total,USD,US dollars,A,Annual,2006,,67.637137,,A,,,,,,,
DATAFLOW,OECD:DF_DP_LIVE(1.0),OECD Data Archive,I,USA,United States,GDPHRWKD,GDP per hour worked,TOT,Total,USD,US dollars,A,Annual,2005,,61.772075,,A,,,,,,,
DATAFLOW,OECD:DF_DP_LIVE(1.0),OECD Data Archive,I,TUR,Türkiye,GDPHRWKD,GDP per hour worked,TOT,Total,USD,US dollars,A,Annual,2005,,32.580282,,A,,,,,,,
DATAFLOW,OECD:DF_DP_LIVE(1.0),OECD Data Archive,I,SVK,Slovak Republic,GDPHRWKD,GDP per hour worked,TOT,Total,USD,US dollars,A,Annual,2005,,30.452693,,A,,,,,,,
DATAFLOW,OECD:DF_DP_LIVE(1.0),OECD Data Archive,I,LUX,Luxembourg,GDPHRWKD,GDP per hour worked,TOT,Total,USD,US dollars,A,Annual,2005,,99.957636,,A,,,,,,,
DATAFLOW,OECD:DF_DP_LIVE(1.0),OECD Data Archive,I,CRI,Costa Rica,GDPHRWKD,GDP per hour worked,TOT,Total,USD,US dollars,A,Annual,2005,,13.718511,,A,,,,,,,
DATAFLOW,OECD:DF_DP_LIVE(1.0),OECD Data Archive,I,ISR,Israel,GDPHRWKD,GDP per hour worked,TOT,Total,USD,US dollars,A,Annual,2005,,36.051392,,A,,,,,,,
DATAFLOW,OECD:DF_DP_LIVE(1.0),OECD Data Archive,I,GBR,United Kingdom,GDPHRWKD,GDP per hour worked,TOT,Total,USD,US dollars,A,Annual,2005,,55.109409,,A,,,,,,,
DATAFLOW,OECD:DF_DP_LIVE(1.0),OECD Data Archive,I,CHE,Switzerland,GDPHRWKD,GDP per hour worked,TOT,Total,USD,US dollars,A,Annual,2005,,64.693828,,A,,,,,,,
DATAFLOW,OECD:DF_DP_LIVE(1.0),OECD Data Archive,I,NOR,Norway,GDPHRWKD,GDP per hour worked,TOT,Total,USD,US dollars,A,Annual,2005,,83.303,,A,,,,,,,
DATAFLOW,OECD:DF_DP_LIVE(1.0),OECD Data Archive,I,AUT,Austria,GDPHRWKD,GDP per hour worked,TOT,Total,USD,US dollars,A,Annual,2005,,60.623506,,A,,,,,,,
DATAFLOW,OECD:DF_DP_LIVE(1.0),OECD Data Archive,I,AUS,Australia,GDPHRWKD,GDP per hour worked,TOT,Total,USD,US dollars,A,Annual,2005,,47.027864,,A,,,,,,,
DATAFLOW,OECD:DF_DP_LIVE(1.0),OECD Data Archive,I,NZL,New Zealand,GDPHRWKD,GDP per hour worked,TOT,Total,USD,US dollars,A,Annual,2007,,38.923435,,A,,,,,,,
DATAFLOW,OECD:DF_DP_LIVE(1.0),OECD Data Archive,I,ISL,Iceland,GDPHRWKD,GDP per hour worked,TOT,Total,USD,US dollars,A,Annual,2007,,56.118409,,A,,,,,,,
DATAFLOW,OECD:DF_DP_LIVE(1.0),OECD Data Archive,I,DNK,Denmark,GDPHRWKD,GDP per hour worked,TOT,Total,USD,US dollars,A,Annual,2007,,65.012119,,A,,,,,,,
DATAFLOW,OECD:DF_DP_LIVE(1.0),OECD Data Archive,I,ISR,Israel,GDPHRWKD,GDP per hour worked,TOT,Total,USD,US dollars,A,Annual,2006,,37.123967,,A,,,,,,,
DATAFLOW,OECD:DF_DP_LIVE(1.0),OECD Data Archive,I,NOR,Norway,GDPHRWKD,GDP per hour worked,TOT,Total,USD,US dollars,A,Annual,2014,,80.488668,,A,,,,,,,
DATAFLOW,OECD:DF_DP_LIVE(1.0),OECD Data Archive,I,AUT,Austria,GDPHRWKD,GDP per hour worked,TOT,Total,USD,US dollars,A,Annual,2014,,66.314312,,A,,,,,,,
DATAFLOW,OECD:DF_DP_LIVE(1.0),OECD Data Archive,I,NZL,New Zealand,GDPHRWKD,GDP per hour worked,TOT,Total,USD,US dollars,A,Annual,2014,,40.679625,,A,,,,,,,
DATAFLOW,OECD:DF_DP_LIVE(1.0),OECD Data Archive,I,BEL,Belgium,GDPHRWKD,GDP per hour worked,TOT,Total,USD,US dollars,A,Annual,2007,,68.887444,,A,,,,,,,
DATAFLOW,OECD:DF_DP_LIVE(1.0),OECD Data Archive,I,SVN,Slovenia,GDPHRWKD,GDP per hour worked,TOT,Total,USD,US dollars,A,Annual,2007,,40.808356,,A,,,,,,,
DATAFLOW,OECD:DF_DP_LIVE(1.0),OECD Data Archive,I,EST,Estonia,GDPHRWKD,GDP per hour worked,TOT,Total,USD,US dollars,A,Annual,2007,,32.048907,,A,,,,,,,
DATAFLOW,OECD:DF_DP_LIVE(1.0),OECD Data Archive,I,CHL,Chile,GDPHRWKD,GDP per hour worked,TOT,Total,USD,US dollars,A,Annual,2007,,22.452243,,A,,,,,,,
DATAFLOW,OECD:DF_DP_LIVE(1.0),OECD Data Archive,I,JPN,Japan,GDPHRWKD,GDP per hour worked,TOT,Total,USD,US dollars,A,Annual,2007,,42.869805,,A,,,,,,,
DATAFLOW,OECD:DF_DP_LIVE(1.0),OECD Data Archive,I,FIN,Finland,GDPHRWKD,GDP per hour worked,TOT,Total,USD,US dollars,A,Annual,2007,,60.034517,,A,,,,,,,
DATAFLOW,OECD:DF_DP_LIVE(1.0),OECD Data Archive,I,OECD,OECD - Total,GDPHRWKD,GDP per hour worked,TOT,Total,USD,US dollars,A,Annual,2009,,46.715021,,A,,,,,,,
DATAFLOW,OECD:DF_DP_LIVE(1.0),OECD Data Archive,I,PRT,Portugal,GDPHRWKD,GDP per hour worked,TOT,Total,USD,US dollars,A,Annual,2009,,36.569424,,A,,,,,,,
DATAFLOW,OECD:DF_DP_LIVE(1.0),OECD Data Archive,I,MEX,Mexico,GDPHRWKD,GDP per hour worked,TOT,Total,USD,US dollars,A,Annual,2009,,19.08926,,A,,,,,,,
DATAFLOW,OECD:DF_DP_LIVE(1.0),OECD Data Archive,I,FRA,France,GDPHRWKD,GDP per hour worked,TOT,Total,USD,US dollars,A,Annual,2009,,61.685771,,A,,,,,,,
DATAFLOW,OECD:DF_DP_LIVE(1.0),OECD Data Archive,I,COL,Colombia,GDPHRWKD,GDP per hour worked,TOT,Total,USD,US dollars,A,Annual,2009,,11.063533,,A,,,,,,,
DATAFLOW,OECD:DF_DP_LIVE(1.0),OECD Data Archive,I,LTU,Lithuania,GDPHRWKD,GDP per hour worked,TOT,Total,USD,US dollars,A,Annual,2009,,31.06983,,A,,,,,,,
DATAFLOW,OECD:DF_DP_LIVE(1.0),OECD Data Archive,I,LVA,Latvia,GDPHRWKD,GDP per hour worked,TOT,Total,USD,US dollars,A,Annual,2009,,28.25332,,A,,,,,,,
DATAFLOW,OECD:DF_DP_LIVE(1.0),OECD Data Archive,I,ESP,Spain,GDPHRWKD,GDP per hour worked,TOT,Total,USD,US dollars,A,Annual,2009,,47.573943,,A,,,,,,,
DATAFLOW,OECD:DF_DP_LIVE(1.0),OECD Data Archive,I,IRL,Ireland,GDPHRWKD,GDP per hour worked,TOT,Total,USD,US dollars,A,Annual,2009,,69.034707,,A,,,,,,,
DATAFLOW,OECD:DF_DP_LIVE(1.0),OECD Data Archive,I,HUN,Hungary,GDPHRWKD,GDP per hour worked,TOT,Total,USD,US dollars,A,Annual,2009,,33.729408,,A,,,,,,,
DATAFLOW,OECD:DF_DP_LIVE(1.0),OECD Data Archive,I,GRC,Greece,GDPHRWKD,GDP per hour worked,TOT,Total,USD,US dollars,A,Annual,2009,,39.403019,,A,,,,,,,
DATAFLOW,OECD:DF_DP_LIVE(1.0),OECD Data Archive,I,CAN,Canada,GDPHRWKD,GDP per hour worked,TOT,Total,USD,US dollars,A,Annual,2009,,47.844174,,A,,,,,,,
DATAFLOW,OECD:DF_DP_LIVE(1.0),OECD Data Archive,I,AUS,Australia,GDPHRWKD,GDP per hour worked,TOT,Total,USD,US dollars,A,Annual,2009,,49.063422,,A,,,,,,,
DATAFLOW,OECD:DF_DP_LIVE(1.0),OECD Data Archive,I,LTU,Lithuania,GDPHRWKD,GDP per hour worked,TOT,Total,USD,US dollars,A,Annual,2010,,32.83695,,A,,,,,,,
DATAFLOW,OECD:DF_DP_LIVE(1.0),OECD Data Archive,I,LVA,Latvia,GDPHRWKD,GDP per hour worked,TOT,Total,USD,US dollars,A,Annual,2010,,29.176747,,A,,,,,,,
DATAFLOW,OECD:DF_DP_LIVE(1.0),OECD Data Archive,I,ESP,Spain,GDPHRWKD,GDP per hour worked,TOT,Total,USD,US dollars,A,Annual,2010,,48.783311,,A,,,,,,,
DATAFLOW,OECD:DF_DP_LIVE(1.0),OECD Data Archive,I,GRC,Greece,GDPHRWKD,GDP per hour worked,TOT,Total,USD,US dollars,A,Annual,2010,,39.041018,,A,,,,,,,
DATAFLOW,OECD:DF_DP_LIVE(1.0),OECD Data Archive,I,CAN,Canada,GDPHRWKD,GDP per hour worked,TOT,Total,USD,US dollars,A,Annual,2010,,48.363874,,A,,,,,,,
DATAFLOW,OECD:DF_DP_LIVE(1.0),OECD Data Archive,I,AUS,Australia,GDPHRWKD,GDP per hour worked,TOT,Total,USD,US dollars,A,Annual,2010,,49.846049,,A,,,,,,,
DATAFLOW,OECD:DF_DP_LIVE(1.0),OECD Data Archive,I,SWE,Sweden,GDPHRWKD,GDP per hour worked,TOT,Total,USD,US dollars,A,Annual,2010,,65.653328,,A,,,,,,,
DATAFLOW,OECD:DF_DP_LIVE(1.0),OECD Data Archive,I,ITA,Italy,GDPHRWKD,GDP per hour worked,TOT,Total,USD,US dollars,A,Annual,2010,,52.656139,,A,,,,,,,
DATAFLOW,OECD:DF_DP_LIVE(1.0),OECD Data Archive,I,POL,Poland,GDPHRWKD,GDP per hour worked,TOT,Total,USD,US dollars,A,Annual,2012,,33.099257,,A,,,,,,,
DATAFLOW,OECD:DF_DP_LIVE(1.0),OECD Data Archive,I,NLD,Netherlands,GDPHRWKD,GDP per hour worked,TOT,Total,USD,US dollars,A,Annual,2012,,66.176095,,A,,,,,,,
DATAFLOW,OECD:DF_DP_LIVE(1.0),OECD Data Archive,I,KOR,Korea,GDPHRWKD,GDP per hour worked,TOT,Total,USD,US dollars,A,Annual,2012,,33.49794,,A,,,,,,,
DATAFLOW,OECD:DF_DP_LIVE(1.0),OECD Data Archive,I,DEU,Germany,GDPHRWKD,GDP per hour worked,TOT,Total,USD,US dollars,A,Annual,2012,,63.093299,,A,,,,,,,
DATAFLOW,OECD:DF_DP_LIVE(1.0),OECD Data Archive,I,CZE,Czechia,GDPHRWKD,GDP per hour worked,TOT,Total,USD,US dollars,A,Annual,2012,,36.886973,,A,,,,,,,
DATAFLOW,OECD:DF_DP_LIVE(1.0),OECD Data Archive,I,USA,United States,GDPHRWKD,GDP per hour worked,TOT,Total,USD,US dollars,A,Annual,2012,,68.118059,,A,,,,,,,
DATAFLOW,OECD:DF_DP_LIVE(1.0),OECD Data Archive,I,TUR,Türkiye,GDPHRWKD,GDP per hour worked,TOT,Total,USD,US dollars,A,Annual,2012,,37.905972,,A,,,,,,,
DATAFLOW,OECD:DF_DP_LIVE(1.0),OECD Data Archive,I,SVK,Slovak Republic,GDPHRWKD,GDP per hour worked,TOT,Total,USD,US dollars,A,Annual,2012,,37.942721,,A,,,,,,,
DATAFLOW,OECD:DF_DP_LIVE(1.0),OECD Data Archive,I,COL,Colombia,GDPHRWKD,GDP per hour worked,TOT,Total,USD,US dollars,A,Annual,2016,,12.724875,,A,,,,,,,
DATAFLOW,OECD:DF_DP_LIVE(1.0),OECD Data Archive,I,LTU,Lithuania,GDPHRWKD,GDP per hour worked,TOT,Total,USD,US dollars,A,Annual,2016,,36.946175,,A,,,,,,,
DATAFLOW,OECD:DF_DP_LIVE(1.0),OECD Data Archive,I,LVA,Latvia,GDPHRWKD,GDP per hour worked,TOT,Total,USD,US dollars,A,Annual,2016,,34.28198,,A,,,,,,,
DATAFLOW,OECD:DF_DP_LIVE(1.0),OECD Data Archive,I,ESP,Spain,GDPHRWKD,GDP per hour worked,TOT,Total,USD,US dollars,A,Annual,2016,,52.006193,,A,,,,,,,
DATAFLOW,OECD:DF_DP_LIVE(1.0),OECD Data Archive,I,IRL,Ireland,GDPHRWKD,GDP per hour worked,TOT,Total,USD,US dollars,A,Annual,2016,,91.22366,,A,,,,,,,
DATAFLOW,OECD:DF_DP_LIVE(1.0),OECD Data Archive,I,HUN,Hungary,GDPHRWKD,GDP per hour worked,TOT,Total,USD,US dollars,A,Annual,2016,,34.239239,,A,,,,,,,
DATAFLOW,OECD:DF_DP_LIVE(1.0),OECD Data Archive,I,GRC,Greece,GDPHRWKD,GDP per hour worked,TOT,Total,USD,US dollars,A,Annual,2016,,33.18651,,A,,,,,,,
DATAFLOW,OECD:DF_DP_LIVE(1.0),OECD Data Archive,I,CAN,Canada,GDPHRWKD,GDP per hour worked,TOT,Total,USD,US dollars,A,Annual,2016,,51.579956,,A,,,,,,,
DATAFLOW,OECD:DF_DP_LIVE(1.0),OECD Data Archive,I,AUS,Australia,GDPHRWKD,GDP per hour worked,TOT,Total,USD,US dollars,A,Annual,2016,,54.010195,,A,,,,,,,
DATAFLOW,OECD:DF_DP_LIVE(1.0),OECD Data Archive,I,LUX,Luxembourg,GDPHRWKD,GDP per hour worked,TOT,Total,USD,US dollars,A,Annual,2012,,98.989858,,A,,,,,,,
DATAFLOW,OECD:DF_DP_LIVE(1.0),OECD Data Archive,I,SVN,Slovenia,GDPHRWKD,GDP per hour worked,TOT,Total,USD,US dollars,A,Annual,2008,,40.752803,,A,,,,,,,
DATAFLOW,OECD:DF_DP_LIVE(1.0),OECD Data Archive,I,EST,Estonia,GDPHRWKD,GDP per hour worked,TOT,Total,USD,US dollars,A,Annual,2008,,30.941251,,A,,,,,,,
DATAFLOW,OECD:DF_DP_LIVE(1.0),OECD Data Archive,I,CHL,Chile,GDPHRWKD,GDP per hour worked,TOT,Total,USD,US dollars,A,Annual,2008,,22.983801,,A,,,,,,,
DATAFLOW,OECD:DF_DP_LIVE(1.0),OECD Data Archive,I,JPN,Japan,GDPHRWKD,GDP per hour worked,TOT,Total,USD,US dollars,A,Annual,2008,,42.745248,,A,,,,,,,
DATAFLOW,OECD:DF_DP_LIVE(1.0),OECD Data Archive,I,FIN,Finland,GDPHRWKD,GDP per hour worked,TOT,Total,USD,US dollars,A,Annual,2008,,59.335913,,A,,,,,,,
DATAFLOW,OECD:DF_DP_LIVE(1.0),OECD Data Archive,I,OECD,OECD - Total,GDPHRWKD,GDP per hour worked,TOT,Total,USD,US dollars,A,Annual,2008,,46.978019,,A,,,,,,,
DATAFLOW,OECD:DF_DP_LIVE(1.0),OECD Data Archive,I,PRT,Portugal,GDPHRWKD,GDP per hour worked,TOT,Total,USD,US dollars,A,Annual,2008,,36.72766,,A,,,,,,,
DATAFLOW,OECD:DF_DP_LIVE(1.0),OECD Data Archive,I,MEX,Mexico,GDPHRWKD,GDP per hour worked,TOT,Total,USD,US dollars,A,Annual,2008,,20.514438,,A,,,,,,,
DATAFLOW,OECD:DF_DP_LIVE(1.0),OECD Data Archive,I,FRA,France,GDPHRWKD,GDP per hour worked,TOT,Total,USD,US dollars,A,Annual,2008,,62.323215,,A,,,,,,,
DATAFLOW,OECD:DF_DP_LIVE(1.0),OECD Data Archive,I,POL,Poland,GDPHRWKD,GDP per hour worked,TOT,Total,USD,US dollars,A,Annual,2020,,41.230426,,A,,,,,,,
DATAFLOW,OECD:DF_DP_LIVE(1.0),OECD Data Archive,I,NLD,Netherlands,GDPHRWKD,GDP per hour worked,TOT,Total,USD,US dollars,A,Annual,2020,,67.520762,,A,,,,,,,
DATAFLOW,OECD:DF_DP_LIVE(1.0),OECD Data Archive,I,KOR,Korea,GDPHRWKD,GDP per hour worked,TOT,Total,USD,US dollars,A,Annual,2020,,41.905448,,A,,,,,,,
DATAFLOW,OECD:DF_DP_LIVE(1.0),OECD Data Archive,I,DEU,Germany,GDPHRWKD,GDP per hour worked,TOT,Total,USD,US dollars,A,Annual,2020,,67.800802,,A,,,,,,,
DATAFLOW,OECD:DF_DP_LIVE(1.0),OECD Data Archive,I,CZE,Czechia,GDPHRWKD,GDP per hour worked,TOT,Total,USD,US dollars,A,Annual,2020,,43.289836,,A,,,,,,,
DATAFLOW,OECD:DF_DP_LIVE(1.0),OECD Data Archive,I,USA,United States,GDPHRWKD,GDP per hour worked,TOT,Total,USD,US dollars,A,Annual,2020,,73.957559,,A,,,,,,,
DATAFLOW,OECD:DF_DP_LIVE(1.0),OECD Data Archive,I,TUR,Türkiye,GDPHRWKD,GDP per hour worked,TOT,Total,USD,US dollars,A,Annual,2020,,56.584355,,A,,,,,,,
DATAFLOW,OECD:DF_DP_LIVE(1.0),OECD Data Archive,I,SVK,Slovak Republic,GDPHRWKD,GDP per hour worked,TOT,Total,USD,US dollars,A,Annual,2020,,46.757758,,A,,,,,,,
DATAFLOW,OECD:DF_DP_LIVE(1.0),OECD Data Archive,I,LUX,Luxembourg,GDPHRWKD,GDP per hour worked,TOT,Total,USD,US dollars,A,Annual,2020,,101.568038,,A,,,,,,,
DATAFLOW,OECD:DF_DP_LIVE(1.0),OECD Data Archive,I,SWE,Sweden,GDPHRWKD,GDP per hour worked,TOT,Total,USD,US dollars,A,Annual,2011,,66.185529,,A,,,,,,,
DATAFLOW,OECD:DF_DP_LIVE(1.0),OECD Data Archive,I,ITA,Italy,GDPHRWKD,GDP per hour worked,TOT,Total,USD,US dollars,A,Annual,2011,,53.011615,,A,,,,,,,
DATAFLOW,OECD:DF_DP_LIVE(1.0),OECD Data Archive,I,POL,Poland,GDPHRWKD,GDP per hour worked,TOT,Total,USD,US dollars,A,Annual,2011,,32.549662,,A,,,,,,,
DATAFLOW,OECD:DF_DP_LIVE(1.0),OECD Data Archive,I,NLD,Netherlands,GDPHRWKD,GDP per hour worked,TOT,Total,USD,US dollars,A,Annual,2011,,66.274742,,A,,,,,,,
DATAFLOW,OECD:DF_DP_LIVE(1.0),OECD Data Archive,I,KOR,Korea,GDPHRWKD,GDP per hour worked,TOT,Total,USD,US dollars,A,Annual,2011,,33.018412,,A,,,,,,,
DATAFLOW,OECD:DF_DP_LIVE(1.0),OECD Data Archive,I,DEU,Germany,GDPHRWKD,GDP per hour worked,TOT,Total,USD,US dollars,A,Annual,2011,,62.706421,,A,,,,,,,
DATAFLOW,OECD:DF_DP_LIVE(1.0),OECD Data Archive,I,CZE,Czechia,GDPHRWKD,GDP per hour worked,TOT,Total,USD,US dollars,A,Annual,2011,,36.734795,,A,,,,,,,
DATAFLOW,OECD:DF_DP_LIVE(1.0),OECD Data Archive,I,LTU,Lithuania,GDPHRWKD,GDP per hour worked,TOT,Total,USD,US dollars,A,Annual,2018,,40.535723,,A,,,,,,,
DATAFLOW,OECD:DF_DP_LIVE(1.0),OECD Data Archive,I,LVA,Latvia,GDPHRWKD,GDP per hour worked,TOT,Total,USD,US dollars,A,Annual,2018,,36.372118,,A,,,,,,,
DATAFLOW,OECD:DF_DP_LIVE(1.0),OECD Data Archive,I,ESP,Spain,GDPHRWKD,GDP per hour worked,TOT,Total,USD,US dollars,A,Annual,2018,,52.34069,,A,,,,,,,
DATAFLOW,OECD:DF_DP_LIVE(1.0),OECD Data Archive,I,IRL,Ireland,GDPHRWKD,GDP per hour worked,TOT,Total,USD,US dollars,A,Annual,2018,,100.133479,,A,,,,,,,
DATAFLOW,OECD:DF_DP_LIVE(1.0),OECD Data Archive,I,HUN,Hungary,GDPHRWKD,GDP per hour worked,TOT,Total,USD,US dollars,A,Annual,2018,,36.715239,,A,,,,,,,
DATAFLOW,OECD:DF_DP_LIVE(1.0),OECD Data Archive,I,GRC,Greece,GDPHRWKD,GDP per hour worked,TOT,Total,USD,US dollars,A,Annual,2018,,32.475541,,A,,,,,,,
DATAFLOW,OECD:DF_DP_LIVE(1.0),OECD Data Archive,I,CAN,Canada,GDPHRWKD,GDP per hour worked,TOT,Total,USD,US dollars,A,Annual,2018,,52.46517,,A,,,,,,,
DATAFLOW,OECD:DF_DP_LIVE(1.0),OECD Data Archive,I,SWE,Sweden,GDPHRWKD,GDP per hour worked,TOT,Total,USD,US dollars,A,Annual,2018,,69.514519,,A,,,,,,,
DATAFLOW,OECD:DF_DP_LIVE(1.0),OECD Data Archive,I,NZL,New Zealand,GDPHRWKD,GDP per hour worked,TOT,Total,USD,US dollars,A,Annual,2018,,42.146039,,A,,,,,,,
DATAFLOW,OECD:DF_DP_LIVE(1.0),OECD Data Archive,I,ITA,Italy,GDPHRWKD,GDP per hour worked,TOT,Total,USD,US dollars,A,Annual,2018,,53.393274,,A,,,,,,,
DATAFLOW,OECD:DF_DP_LIVE(1.0),OECD Data Archive,I,SWE,Sweden,GDPHRWKD,GDP per hour worked,TOT,Total,USD,US dollars,A,Annual,2019,,71.101216,,A,,,,,,,
DATAFLOW,OECD:DF_DP_LIVE(1.0),OECD Data Archive,I,NZL,New Zealand,GDPHRWKD,GDP per hour worked,TOT,Total,USD,US dollars,A,Annual,2019,,41.888102,,A,,,,,,,
DATAFLOW,OECD:DF_DP_LIVE(1.0),OECD Data Archive,I,ITA,Italy,GDPHRWKD,GDP per hour worked,TOT,Total,USD,US dollars,A,Annual,2019,,53.658554,,A,,,,,,,
DATAFLOW,OECD:DF_DP_LIVE(1.0),OECD Data Archive,I,POL,Poland,GDPHRWKD,GDP per hour worked,TOT,Total,USD,US dollars,A,Annual,2019,,41.752351,,A,,,,,,,
DATAFLOW,OECD:DF_DP_LIVE(1.0),OECD Data Archive,I,NLD,Netherlands,GDPHRWKD,GDP per hour worked,TOT,Total,USD,US dollars,A,Annual,2019,,67.422659,,A,,,,,,,
DATAFLOW,OECD:DF_DP_LIVE(1.0),OECD Data Archive,I,KOR,Korea,GDPHRWKD,GDP per hour worked,TOT,Total,USD,US dollars,A,Annual,2019,,40.609311,,A,,,,,,,
DATAFLOW,OECD:DF_DP_LIVE(1.0),OECD Data Archive,I,DEU,Germany,GDPHRWKD,GDP per hour worked,TOT,Total,USD,US dollars,A,Annual,2019,,67.024094,,A,,,,,,,
DATAFLOW,OECD:DF_DP_LIVE(1.0),OECD Data Archive,I,CZE,Czechia,GDPHRWKD,GDP per hour worked,TOT,Total,USD,US dollars,A,Annual,2019,,42.272668,,A,,,,,,,
DATAFLOW,OECD:DF_DP_LIVE(1.0),OECD Data Archive,I,USA,United States,GDPHRWKD,GDP per hour worked,TOT,Total,USD,US dollars,A,Annual,2013,,68.407849,,A,,,,,,,
DATAFLOW,OECD:DF_DP_LIVE(1.0),OECD Data Archive,I,TUR,Türkiye,GDPHRWKD,GDP per hour worked,TOT,Total,USD,US dollars,A,Annual,2013,,40.465033,,A,,,,,,,
DATAFLOW,OECD:DF_DP_LIVE(1.0),OECD Data Archive,I,SVK,Slovak Republic,GDPHRWKD,GDP per hour worked,TOT,Total,USD,US dollars,A,Annual,2013,,38.860596,,A,,,,,,,
DATAFLOW,OECD:DF_DP_LIVE(1.0),OECD Data Archive,I,LUX,Luxembourg,GDPHRWKD,GDP per hour worked,TOT,Total,USD,US dollars,A,Annual,2013,,100.800784,,A,,,,,,,
DATAFLOW,OECD:DF_DP_LIVE(1.0),OECD Data Archive,I,CRI,Costa Rica,GDPHRWKD,GDP per hour worked,TOT,Total,USD,US dollars,A,Annual,2013,,18.620355,,A,,,,,,,
DATAFLOW,OECD:DF_DP_LIVE(1.0),OECD Data Archive,I,ISR,Israel,GDPHRWKD,GDP per hour worked,TOT,Total,USD,US dollars,A,Annual,2013,,39.577292,,A,,,,,,,
DATAFLOW,OECD:DF_DP_LIVE(1.0),OECD Data Archive,I,GBR,United Kingdom,GDPHRWKD,GDP per hour worked,TOT,Total,USD,US dollars,A,Annual,2013,,56.941975,,A,,,,,,,
DATAFLOW,OECD:DF_DP_LIVE(1.0),OECD Data Archive,I,CHE,Switzerland,GDPHRWKD,GDP per hour worked,TOT,Total,USD,US dollars,A,Annual,2013,,69.759903,,A,,,,,,,
DATAFLOW,OECD:DF_DP_LIVE(1.0),OECD Data Archive,I,NOR,Norway,GDPHRWKD,GDP per hour worked,TOT,Total,USD,US dollars,A,Annual,2013,,79.849548,,A,,,,,,,
DATAFLOW,OECD:DF_DP_LIVE(1.0),OECD Data Archive,I,AUT,Austria,GDPHRWKD,GDP per hour worked,TOT,Total,USD,US dollars,A,Annual,2013,,66.07724,,A,,,,,,,
DATAFLOW,OECD:DF_DP_LIVE(1.0),OECD Data Archive,I,OECD,OECD - Total,GDPHRWKD,GDP per hour worked,TOT,Total,USD,US dollars,A,Annual,2017,,51.076372,,A,,,,,,,
DATAFLOW,OECD:DF_DP_LIVE(1.0),OECD Data Archive,I,PRT,Portugal,GDPHRWKD,GDP per hour worked,TOT,Total,USD,US dollars,A,Annual,2017,,39.111943,,A,,,,,,,
DATAFLOW,OECD:DF_DP_LIVE(1.0),OECD Data Archive,I,MEX,Mexico,GDPHRWKD,GDP per hour worked,TOT,Total,USD,US dollars,A,Annual,2017,,20.823013,,A,,,,,,,
DATAFLOW,OECD:DF_DP_LIVE(1.0),OECD Data Archive,I,FRA,France,GDPHRWKD,GDP per hour worked,TOT,Total,USD,US dollars,A,Annual,2017,,66.881126,,A,,,,,,,
DATAFLOW,OECD:DF_DP_LIVE(1.0),OECD Data Archive,I,COL,Colombia,GDPHRWKD,GDP per hour worked,TOT,Total,USD,US dollars,A,Annual,2017,,12.862402,,A,,,,,,,
DATAFLOW,OECD:DF_DP_LIVE(1.0),OECD Data Archive,I,LTU,Lithuania,GDPHRWKD,GDP per hour worked,TOT,Total,USD,US dollars,A,Annual,2017,,39.684589,,A,,,,,,,
DATAFLOW,OECD:DF_DP_LIVE(1.0),OECD Data Archive,I,LVA,Latvia,GDPHRWKD,GDP per hour worked,TOT,Total,USD,US dollars,A,Annual,2017,,35.729989,,A,,,,,,,
DATAFLOW,OECD:DF_DP_LIVE(1.0),OECD Data Archive,I,ESP,Spain,GDPHRWKD,GDP per hour worked,TOT,Total,USD,US dollars,A,Annual,2017,,52.460584,,A,,,,,,,
DATAFLOW,OECD:DF_DP_LIVE(1.0),OECD Data Archive,I,IRL,Ireland,GDPHRWKD,GDP per hour worked,TOT,Total,USD,US dollars,A,Annual,2017,,95.712054,,A,,,,,,,
DATAFLOW,OECD:DF_DP_LIVE(1.0),OECD Data Archive,I,HUN,Hungary,GDPHRWKD,GDP per hour worked,TOT,Total,USD,US dollars,A,Annual,2017,,35.285256,,A,,,,,,,
DATAFLOW,OECD:DF_DP_LIVE(1.0),OECD Data Archive,I,GRC,Greece,GDPHRWKD,GDP per hour worked,TOT,Total,USD,US dollars,A,Annual,2017,,33.648638,,A,,,,,,,
DATAFLOW,OECD:DF_DP_LIVE(1.0),OECD Data Archive,I,CAN,Canada,GDPHRWKD,GDP per hour worked,TOT,Total,USD,US dollars,A,Annual,2017,,52.390492,,A,,,,,,,
DATAFLOW,OECD:DF_DP_LIVE(1.0),OECD Data Archive,I,AUS,Australia,GDPHRWKD,GDP per hour worked,TOT,Total,USD,US dollars,A,Annual,2017,,54.638934,,A,,,,,,,
DATAFLOW,OECD:DF_DP_LIVE(1.0),OECD Data Archive,I,ISR,Israel,GDPHRWKD,GDP per hour worked,TOT,Total,USD,US dollars,A,Annual,2014,,40.195052,,A,,,,,,,
DATAFLOW,OECD:DF_DP_LIVE(1.0),OECD Data Archive,I,GBR,United Kingdom,GDPHRWKD,GDP per hour worked,TOT,Total,USD,US dollars,A,Annual,2014,,57.079781,,A,,,,,,,
DATAFLOW,OECD:DF_DP_LIVE(1.0),OECD Data Archive,I,CHE,Switzerland,GDPHRWKD,GDP per hour worked,TOT,Total,USD,US dollars,A,Annual,2014,,70.447419,,A,,,,,,,
DATAFLOW,OECD:DF_DP_LIVE(1.0),OECD Data Archive,I,CZE,Czechia,GDPHRWKD,GDP per hour worked,TOT,Total,USD,US dollars,A,Annual,2005,,32.765277,,A,,,,,,,
DATAFLOW,OECD:DF_DP_LIVE(1.0),OECD Data Archive,I,OECD,OECD - Total,GDPHRWKD,GDP per hour worked,TOT,Total,USD,US dollars,A,Annual,2005,,45.508533,,A,,,,,,,
DATAFLOW,OECD:DF_DP_LIVE(1.0),OECD Data Archive,I,PRT,Portugal,GDPHRWKD,GDP per hour worked,TOT,Total,USD,US dollars,A,Annual,2005,,35.272311,,A,,,,,,,
DATAFLOW,OECD:DF_DP_LIVE(1.0),OECD Data Archive,I,FRA,France,GDPHRWKD,GDP per hour worked,TOT,Total,USD,US dollars,A,Annual,2005,,61.487911,,A,,,,,,,
DATAFLOW,OECD:DF_DP_LIVE(1.0),OECD Data Archive,I,COL,Colombia,GDPHRWKD,GDP per hour worked,TOT,Total,USD,US dollars,A,Annual,2005,,10.232035,,A,,,,,,,
DATAFLOW,OECD:DF_DP_LIVE(1.0),OECD Data Archive,I,CRI,Costa Rica,GDPHRWKD,GDP per hour worked,TOT,Total,USD,US dollars,A,Annual,2008,,14.909054,,A,,,,,,,
DATAFLOW,OECD:DF_DP_LIVE(1.0),OECD Data Archive,I,ISR,Israel,GDPHRWKD,GDP per hour worked,TOT,Total,USD,US dollars,A,Annual,2008,,37.313337,,A,,,,,,,
DATAFLOW,OECD:DF_DP_LIVE(1.0),OECD Data Archive,I,GBR,United Kingdom,GDPHRWKD,GDP per hour worked,TOT,Total,USD,US dollars,A,Annual,2008,,56.967469,,A,,,,,,,
DATAFLOW,OECD:DF_DP_LIVE(1.0),OECD Data Archive,I,CHE,Switzerland,GDPHRWKD,GDP per hour worked,TOT,Total,USD,US dollars,A,Annual,2008,,68.253612,,A,,,,,,,
DATAFLOW,OECD:DF_DP_LIVE(1.0),OECD Data Archive,I,NOR,Norway,GDPHRWKD,GDP per hour worked,TOT,Total,USD,US dollars,A,Annual,2008,,78.861584,,A,,,,,,,
DATAFLOW,OECD:DF_DP_LIVE(1.0),OECD Data Archive,I,AUT,Austria,GDPHRWKD,GDP per hour worked,TOT,Total,USD,US dollars,A,Annual,2008,,63.799879,,A,,,,,,,
DATAFLOW,OECD:DF_DP_LIVE(1.0),OECD Data Archive,I,NZL,New Zealand,GDPHRWKD,GDP per hour worked,TOT,Total,USD,US dollars,A,Annual,2008,,37.678837,,A,,,,,,,
DATAFLOW,OECD:DF_DP_LIVE(1.0),OECD Data Archive,I,DNK,Denmark,GDPHRWKD,GDP per hour worked,TOT,Total,USD,US dollars,A,Annual,2008,,64.044269,,A,,,,,,,
DATAFLOW,OECD:DF_DP_LIVE(1.0),OECD Data Archive,I,BEL,Belgium,GDPHRWKD,GDP per hour worked,TOT,Total,USD,US dollars,A,Annual,2008,,68.464336,,A,,,,,,,
DATAFLOW,OECD:DF_DP_LIVE(1.0),OECD Data Archive,I,ISL,Iceland,GDPHRWKD,GDP per hour worked,TOT,Total,USD,US dollars,A,Annual,2008,,54.473883,,A,,,,,,,
DATAFLOW,OECD:DF_DP_LIVE(1.0),OECD Data Archive,I,POL,Poland,GDPHRWKD,GDP per hour worked,TOT,Total,USD,US dollars,A,Annual,2008,,28.402336,,A,,,,,,,
DATAFLOW,OECD:DF_DP_LIVE(1.0),OECD Data Archive,I,NLD,Netherlands,GDPHRWKD,GDP per hour worked,TOT,Total,USD,US dollars,A,Annual,2008,,66.009294,,A,,,,,,,
DATAFLOW,OECD:DF_DP_LIVE(1.0),OECD Data Archive,I,DEU,Germany,GDPHRWKD,GDP per hour worked,TOT,Total,USD,US dollars,A,Annual,2008,,61.593702,,A,,,,,,,
DATAFLOW,OECD:DF_DP_LIVE(1.0),OECD Data Archive,I,CZE,Czechia,GDPHRWKD,GDP per hour worked,TOT,Total,USD,US dollars,A,Annual,2008,,36.139167,,A,,,,,,,
DATAFLOW,OECD:DF_DP_LIVE(1.0),OECD Data Archive,I,CHL,Chile,GDPHRWKD,GDP per hour worked,TOT,Total,USD,US dollars,A,Annual,2010,,22.047521,,A,,,,,,,
DATAFLOW,OECD:DF_DP_LIVE(1.0),OECD Data Archive,I,SVN,Slovenia,GDPHRWKD,GDP per hour worked,TOT,Total,USD,US dollars,A,Annual,2010,,39.491962,,A,,,,,,,
DATAFLOW,OECD:DF_DP_LIVE(1.0),OECD Data Archive,I,EST,Estonia,GDPHRWKD,GDP per hour worked,TOT,Total,USD,US dollars,A,Annual,2010,,33.275193,,A,,,,,,,
DATAFLOW,OECD:DF_DP_LIVE(1.0),OECD Data Archive,I,ISL,Iceland,GDPHRWKD,GDP per hour worked,TOT,Total,USD,US dollars,A,Annual,2014,,58.676681,,A,,,,,,,
DATAFLOW,OECD:DF_DP_LIVE(1.0),OECD Data Archive,I,DNK,Denmark,GDPHRWKD,GDP per hour worked,TOT,Total,USD,US dollars,A,Annual,2014,,69.036988,,A,,,,,,,
DATAFLOW,OECD:DF_DP_LIVE(1.0),OECD Data Archive,I,BEL,Belgium,GDPHRWKD,GDP per hour worked,TOT,Total,USD,US dollars,A,Annual,2014,,70.513657,,A,,,,,,,
DATAFLOW,OECD:DF_DP_LIVE(1.0),OECD Data Archive,I,SVN,Slovenia,GDPHRWKD,GDP per hour worked,TOT,Total,USD,US dollars,A,Annual,2016,,42.404997,,A,,,,,,,
DATAFLOW,OECD:DF_DP_LIVE(1.0),OECD Data Archive,I,EST,Estonia,GDPHRWKD,GDP per hour worked,TOT,Total,USD,US dollars,A,Annual,2016,,35.870628,,A,,,,,,,
DATAFLOW,OECD:DF_DP_LIVE(1.0),OECD Data Archive,I,CHL,Chile,GDPHRWKD,GDP per hour worked,TOT,Total,USD,US dollars,A,Annual,2016,,24.869271,,A,,,,,,,
DATAFLOW,OECD:DF_DP_LIVE(1.0),OECD Data Archive,I,JPN,Japan,GDPHRWKD,GDP per hour worked,TOT,Total,USD,US dollars,A,Annual,2016,,46.216381,,A,,,,,,,
DATAFLOW,OECD:DF_DP_LIVE(1.0),OECD Data Archive,I,FIN,Finland,GDPHRWKD,GDP per hour worked,TOT,Total,USD,US dollars,A,Annual,2016,,60.743529,,A,,,,,,,
DATAFLOW,OECD:DF_DP_LIVE(1.0),OECD Data Archive,I,OECD,OECD - Total,GDPHRWKD,GDP per hour worked,TOT,Total,USD,US dollars,A,Annual,2016,,50.29807,,A,,,,,,,
DATAFLOW,OECD:DF_DP_LIVE(1.0),OECD Data Archive,I,PRT,Portugal,GDPHRWKD,GDP per hour worked,TOT,Total,USD,US dollars,A,Annual,2016,,38.796107,,A,,,,,,,
DATAFLOW,OECD:DF_DP_LIVE(1.0),OECD Data Archive,I,MEX,Mexico,GDPHRWKD,GDP per hour worked,TOT,Total,USD,US dollars,A,Annual,2016,,20.75628,,A,,,,,,,
DATAFLOW,OECD:DF_DP_LIVE(1.0),OECD Data Archive,I,FRA,France,GDPHRWKD,GDP per hour worked,TOT,Total,USD,US dollars,A,Annual,2016,,65.499243,,A,,,,,,,
DATAFLOW,OECD:DF_DP_LIVE(1.0),OECD Data Archive,I,ISL,Iceland,GDPHRWKD,GDP per hour worked,TOT,Total,USD,US dollars,A,Annual,2015,,59.662657,,A,,,,,,,
DATAFLOW,OECD:DF_DP_LIVE(1.0),OECD Data Archive,I,DNK,Denmark,GDPHRWKD,GDP per hour worked,TOT,Total,USD,US dollars,A,Annual,2015,,70.022816,,A,,,,,,,
DATAFLOW,OECD:DF_DP_LIVE(1.0),OECD Data Archive,I,BEL,Belgium,GDPHRWKD,GDP per hour worked,TOT,Total,USD,US dollars,A,Annual,2015,,71.604653,,A,,,,,,,
DATAFLOW,OECD:DF_DP_LIVE(1.0),OECD Data Archive,I,SVN,Slovenia,GDPHRWKD,GDP per hour worked,TOT,Total,USD,US dollars,A,Annual,2015,,40.981064,,A,,,,,,,
DATAFLOW,OECD:DF_DP_LIVE(1.0),OECD Data Archive,I,EST,Estonia,GDPHRWKD,GDP per hour worked,TOT,Total,USD,US dollars,A,Annual,2015,,34.941294,,A,,,,,,,
DATAFLOW,OECD:DF_DP_LIVE(1.0),OECD Data Archive,I,CHL,Chile,GDPHRWKD,GDP per hour worked,TOT,Total,USD,US dollars,A,Annual,2015,,24.525405,,A,,,,,,,
DATAFLOW,OECD:DF_DP_LIVE(1.0),OECD Data Archive,I,JPN,Japan,GDPHRWKD,GDP per hour worked,TOT,Total,USD,US dollars,A,Annual,2015,,46.169987,,A,,,,,,,
DATAFLOW,OECD:DF_DP_LIVE(1.0),OECD Data Archive,I,FIN,Finland,GDPHRWKD,GDP per hour worked,TOT,Total,USD,US dollars,A,Annual,2015,,59.318425,,A,,,,,,,
DATAFLOW,OECD:DF_DP_LIVE(1.0),OECD Data Archive,I,AUS,Australia,GDPHRWKD,GDP per hour worked,TOT,Total,USD,US dollars,A,Annual,2018,,54.654293,,E,,,,,,,
DATAFLOW,OECD:DF_DP_LIVE(1.0),OECD Data Archive,I,IRL,Ireland,GDPHRWKD,GDP per hour worked,TOT,Total,USD,US dollars,A,Annual,2010,,73.290023,,B,,,,,,,
DATAFLOW,OECD:DF_DP_LIVE(1.0),OECD Data Archive,I,HUN,Hungary,GDPHRWKD,GDP per hour worked,TOT,Total,USD,US dollars,A,Annual,2010,,34.16158,,B,,,,,,,
DATAFLOW,OECD:DF_DP_LIVE(1.0),OECD Data Archive,I,LTU,Lithuania,GDPHRWKD,GDP per hour worked,TOT,Total,USD,US dollars,A,Annual,2005,,27.339843,,A,,,,,,,
DATAFLOW,OECD:DF_DP_LIVE(1.0),OECD Data Archive,I,LVA,Latvia,GDPHRWKD,GDP per hour worked,TOT,Total,USD,US dollars,A,Annual,2005,,23.91108,,A,,,,,,,
DATAFLOW,OECD:DF_DP_LIVE(1.0),OECD Data Archive,I,HUN,Hungary,GDPHRWKD,GDP per hour worked,TOT,Total,USD,US dollars,A,Annual,2005,,31.711223,,A,,,,,,,
DATAFLOW,OECD:DF_DP_LIVE(1.0),OECD Data Archive,I,GRC,Greece,GDPHRWKD,GDP per hour worked,TOT,Total,USD,US dollars,A,Annual,2005,,38.332983,,A,,,,,,,
DATAFLOW,OECD:DF_DP_LIVE(1.0),OECD Data Archive,I,IRL,Ireland,GDPHRWKD,GDP per hour worked,TOT,Total,USD,US dollars,A,Annual,2005,,63.045921,,A,,,,,,,
DATAFLOW,OECD:DF_DP_LIVE(1.0),OECD Data Archive,I,ESP,Spain,GDPHRWKD,GDP per hour worked,TOT,Total,USD,US dollars,A,Annual,2005,,45.562108,,A,,,,,,,
DATAFLOW,OECD:DF_DP_LIVE(1.0),OECD Data Archive,I,CAN,Canada,GDPHRWKD,GDP per hour worked,TOT,Total,USD,US dollars,A,Annual,2005,,47.176536,,A,,,,,,,
DATAFLOW,OECD:DF_DP_LIVE(1.0),OECD Data Archive,I,NZL,New Zealand,GDPHRWKD,GDP per hour worked,TOT,Total,USD,US dollars,A,Annual,2005,,36.982281,,A,,,,,,,
DATAFLOW,OECD:DF_DP_LIVE(1.0),OECD Data Archive,I,DNK,Denmark,GDPHRWKD,GDP per hour worked,TOT,Total,USD,US dollars,A,Annual,2005,,64.048343,,A,,,,,,,
DATAFLOW,OECD:DF_DP_LIVE(1.0),OECD Data Archive,I,BEL,Belgium,GDPHRWKD,GDP per hour worked,TOT,Total,USD,US dollars,A,Annual,2005,,67.287921,,A,,,,,,,
DATAFLOW,OECD:DF_DP_LIVE(1.0),OECD Data Archive,I,ISL,Iceland,GDPHRWKD,GDP per hour worked,TOT,Total,USD,US dollars,A,Annual,2005,,51.613242,,A,,,,,,,
DATAFLOW,OECD:DF_DP_LIVE(1.0),OECD Data Archive,I,SVN,Slovenia,GDPHRWKD,GDP per hour worked,TOT,Total,USD,US dollars,A,Annual,2005,,36.938074,,A,,,,,,,
DATAFLOW,OECD:DF_DP_LIVE(1.0),OECD Data Archive,I,EST,Estonia,GDPHRWKD,GDP per hour worked,TOT,Total,USD,US dollars,A,Annual,2005,,28.378675,,A,,,,,,,
DATAFLOW,OECD:DF_DP_LIVE(1.0),OECD Data Archive,I,CHL,Chile,GDPHRWKD,GDP per hour worked,TOT,Total,USD,US dollars,A,Annual,2005,,20.756781,,A,,,,,,,
DATAFLOW,OECD:DF_DP_LIVE(1.0),OECD Data Archive,I,JPN,Japan,GDPHRWKD,GDP per hour worked,TOT,Total,USD,US dollars,A,Annual,2005,,42.485925,,A,,,,,,,
DATAFLOW,OECD:DF_DP_LIVE(1.0),OECD Data Archive,I,FIN,Finland,GDPHRWKD,GDP per hour worked,TOT,Total,USD,US dollars,A,Annual,2005,,56.763097,,A,,,,,,,
DATAFLOW,OECD:DF_DP_LIVE(1.0),OECD Data Archive,I,SWE,Sweden,GDPHRWKD,GDP per hour worked,TOT,Total,USD,US dollars,A,Annual,2006,,65.301313,,A,,,,,,,
DATAFLOW,OECD:DF_DP_LIVE(1.0),OECD Data Archive,I,ITA,Italy,GDPHRWKD,GDP per hour worked,TOT,Total,USD,US dollars,A,Annual,2006,,52.873541,,A,,,,,,,
DATAFLOW,OECD:DF_DP_LIVE(1.0),OECD Data Archive,I,SVN,Slovenia,GDPHRWKD,GDP per hour worked,TOT,Total,USD,US dollars,A,Annual,2006,,39.128271,,A,,,,,,,
DATAFLOW,OECD:DF_DP_LIVE(1.0),OECD Data Archive,I,CHL,Chile,GDPHRWKD,GDP per hour worked,TOT,Total,USD,US dollars,A,Annual,2006,,21.576243,,A,,,,,,,
DATAFLOW,OECD:DF_DP_LIVE(1.0),OECD Data Archive,I,EST,Estonia,GDPHRWKD,GDP per hour worked,TOT,Total,USD,US dollars,A,Annual,2006,,29.809296,,A,,,,,,,
DATAFLOW,OECD:DF_DP_LIVE(1.0),OECD Data Archive,I,FIN,Finland,GDPHRWKD,GDP per hour worked,TOT,Total,USD,US dollars,A,Annual,2006,,58.143659,,A,,,,,,,
DATAFLOW,OECD:DF_DP_LIVE(1.0),OECD Data Archive,I,JPN,Japan,GDPHRWKD,GDP per hour worked,TOT,Total,USD,US dollars,A,Annual,2006,,42.554532,,A,,,,,,,
DATAFLOW,OECD:DF_DP_LIVE(1.0),OECD Data Archive,I,OECD,OECD - Total,GDPHRWKD,GDP per hour worked,TOT,Total,USD,US dollars,A,Annual,2006,,46.176111,,A,,,,,,,
DATAFLOW,OECD:DF_DP_LIVE(1.0),OECD Data Archive,I,PRT,Portugal,GDPHRWKD,GDP per hour worked,TOT,Total,USD,US dollars,A,Annual,2006,,35.927999,,A,,,,,,,
DATAFLOW,OECD:DF_DP_LIVE(1.0),OECD Data Archive,I,MEX,Mexico,GDPHRWKD,GDP per hour worked,TOT,Total,USD,US dollars,A,Annual,2006,,20.48516,,A,,,,,,,
DATAFLOW,OECD:DF_DP_LIVE(1.0),OECD Data Archive,I,FRA,France,GDPHRWKD,GDP per hour worked,TOT,Total,USD,US dollars,A,Annual,2006,,63.018745,,A,,,,,,,
DATAFLOW,OECD:DF_DP_LIVE(1.0),OECD Data Archive,I,CRI,Costa Rica,GDPHRWKD,GDP per hour worked,TOT,Total,USD,US dollars,A,Annual,2006,,14.259665,,A,,,,,,,
DATAFLOW,OECD:DF_DP_LIVE(1.0),OECD Data Archive,I,POL,Poland,GDPHRWKD,GDP per hour worked,TOT,Total,USD,US dollars,A,Annual,2007,,28.184305,,A,,,,,,,
DATAFLOW,OECD:DF_DP_LIVE(1.0),OECD Data Archive,I,NLD,Netherlands,GDPHRWKD,GDP per hour worked,TOT,Total,USD,US dollars,A,Annual,2007,,65.632495,,A,,,,,,,
DATAFLOW,OECD:DF_DP_LIVE(1.0),OECD Data Archive,I,DEU,Germany,GDPHRWKD,GDP per hour worked,TOT,Total,USD,US dollars,A,Annual,2007,,61.577685,,A,,,,,,,
DATAFLOW,OECD:DF_DP_LIVE(1.0),OECD Data Archive,I,CZE,Czechia,GDPHRWKD,GDP per hour worked,TOT,Total,USD,US dollars,A,Annual,2007,,36.256014,,A,,,,,,,
DATAFLOW,OECD:DF_DP_LIVE(1.0),OECD Data Archive,I,OECD,OECD - Total,GDPHRWKD,GDP per hour worked,TOT,Total,USD,US dollars,A,Annual,2007,,46.847231,,A,,,,,,,
DATAFLOW,OECD:DF_DP_LIVE(1.0),OECD Data Archive,I,PRT,Portugal,GDPHRWKD,GDP per hour worked,TOT,Total,USD,US dollars,A,Annual,2007,,36.491639,,A,,,,,,,
DATAFLOW,OECD:DF_DP_LIVE(1.0),OECD Data Archive,I,MEX,Mexico,GDPHRWKD,GDP per hour worked,TOT,Total,USD,US dollars,A,Annual,2007,,20.679829,,A,,,,,,,
DATAFLOW,OECD:DF_DP_LIVE(1.0),OECD Data Archive,I,FRA,France,GDPHRWKD,GDP per hour worked,TOT,Total,USD,US dollars,A,Annual,2007,,62.723395,,A,,,,,,,
DATAFLOW,OECD:DF_DP_LIVE(1.0),OECD Data Archive,I,COL,Colombia,GDPHRWKD,GDP per hour worked,TOT,Total,USD,US dollars,A,Annual,2007,,11.347122,,A,,,,,,,
DATAFLOW,OECD:DF_DP_LIVE(1.0),OECD Data Archive,I,LTU,Lithuania,GDPHRWKD,GDP per hour worked,TOT,Total,USD,US dollars,A,Annual,2007,,31.701293,,A,,,,,,,
DATAFLOW,OECD:DF_DP_LIVE(1.0),OECD Data Archive,I,LVA,Latvia,GDPHRWKD,GDP per hour worked,TOT,Total,USD,US dollars,A,Annual,2007,,27.534661,,A,,,,,,,
DATAFLOW,OECD:DF_DP_LIVE(1.0),OECD Data Archive,I,ESP,Spain,GDPHRWKD,GDP per hour worked,TOT,Total,USD,US dollars,A,Annual,2007,,46.335067,,A,,,,,,,
DATAFLOW,OECD:DF_DP_LIVE(1.0),OECD Data Archive,I,HUN,Hungary,GDPHRWKD,GDP per hour worked,TOT,Total,USD,US dollars,A,Annual,2007,,33.880508,,A,,,,,,,
DATAFLOW,OECD:DF_DP_LIVE(1.0),OECD Data Archive,I,GRC,Greece,GDPHRWKD,GDP per hour worked,TOT,Total,USD,US dollars,A,Annual,2007,,41.017727,,A,,,,,,,
DATAFLOW,OECD:DF_DP_LIVE(1.0),OECD Data Archive,I,IRL,Ireland,GDPHRWKD,GDP per hour worked,TOT,Total,USD,US dollars,A,Annual,2007,,65.77711,,A,,,,,,,
DATAFLOW,OECD:DF_DP_LIVE(1.0),OECD Data Archive,I,CAN,Canada,GDPHRWKD,GDP per hour worked,TOT,Total,USD,US dollars,A,Annual,2007,,47.793614,,A,,,,,,,
DATAFLOW,OECD:DF_DP_LIVE(1.0),OECD Data Archive,I,USA,United States,GDPHRWKD,GDP per hour worked,TOT,Total,USD,US dollars,A,Annual,2008,,64.042431,,A,,,,,,,
DATAFLOW,OECD:DF_DP_LIVE(1.0),OECD Data Archive,I,TUR,Türkiye,GDPHRWKD,GDP per hour worked,TOT,Total,USD,US dollars,A,Annual,2008,,35.805009,,A,,,,,,,
DATAFLOW,OECD:DF_DP_LIVE(1.0),OECD Data Archive,I,SVK,Slovak Republic,GDPHRWKD,GDP per hour worked,TOT,Total,USD,US dollars,A,Annual,2008,,35.458839,,A,,,,,,,
DATAFLOW,OECD:DF_DP_LIVE(1.0),OECD Data Archive,I,LUX,Luxembourg,GDPHRWKD,GDP per hour worked,TOT,Total,USD,US dollars,A,Annual,2008,,99.685834,,A,,,,,,,
DATAFLOW,OECD:DF_DP_LIVE(1.0),OECD Data Archive,I,COL,Colombia,GDPHRWKD,GDP per hour worked,TOT,Total,USD,US dollars,A,Annual,2008,,11.360227,,A,,,,,,,
DATAFLOW,OECD:DF_DP_LIVE(1.0),OECD Data Archive,I,LTU,Lithuania,GDPHRWKD,GDP per hour worked,TOT,Total,USD,US dollars,A,Annual,2008,,32.47929,,A,,,,,,,
DATAFLOW,OECD:DF_DP_LIVE(1.0),OECD Data Archive,I,LVA,Latvia,GDPHRWKD,GDP per hour worked,TOT,Total,USD,US dollars,A,Annual,2008,,27.520157,,A,,,,,,,
DATAFLOW,OECD:DF_DP_LIVE(1.0),OECD Data Archive,I,ESP,Spain,GDPHRWKD,GDP per hour worked,TOT,Total,USD,US dollars,A,Annual,2008,,46.454358,,A,,,,,,,
DATAFLOW,OECD:DF_DP_LIVE(1.0),OECD Data Archive,I,IRL,Ireland,GDPHRWKD,GDP per hour worked,TOT,Total,USD,US dollars,A,Annual,2008,,64.736266,,A,,,,,,,
DATAFLOW,OECD:DF_DP_LIVE(1.0),OECD Data Archive,I,HUN,Hungary,GDPHRWKD,GDP per hour worked,TOT,Total,USD,US dollars,A,Annual,2008,,34.775614,,A,,,,,,,
DATAFLOW,OECD:DF_DP_LIVE(1.0),OECD Data Archive,I,GRC,Greece,GDPHRWKD,GDP per hour worked,TOT,Total,USD,US dollars,A,Annual,2008,,40.454933,,A,,,,,,,
DATAFLOW,OECD:DF_DP_LIVE(1.0),OECD Data Archive,I,CAN,Canada,GDPHRWKD,GDP per hour worked,TOT,Total,USD,US dollars,A,Annual,2008,,47.68711,,A,,,,,,,
DATAFLOW,OECD:DF_DP_LIVE(1.0),OECD Data Archive,I,AUS,Australia,GDPHRWKD,GDP per hour worked,TOT,Total,USD,US dollars,A,Annual,2008,,49.465307,,A,,,,,,,
DATAFLOW,OECD:DF_DP_LIVE(1.0),OECD Data Archive,I,SWE,Sweden,GDPHRWKD,GDP per hour worked,TOT,Total,USD,US dollars,A,Annual,2008,,64.336167,,A,,,,,,,
DATAFLOW,OECD:DF_DP_LIVE(1.0),OECD Data Archive,I,ITA,Italy,GDPHRWKD,GDP per hour worked,TOT,Total,USD,US dollars,A,Annual,2008,,52.532095,,A,,,,,,,
DATAFLOW,OECD:DF_DP_LIVE(1.0),OECD Data Archive,I,NZL,New Zealand,GDPHRWKD,GDP per hour worked,TOT,Total,USD,US dollars,A,Annual,2010,,39.334324,,A,,,,,,,
DATAFLOW,OECD:DF_DP_LIVE(1.0),OECD Data Archive,I,ISL,Iceland,GDPHRWKD,GDP per hour worked,TOT,Total,USD,US dollars,A,Annual,2010,,57.363205,,A,,,,,,,
DATAFLOW,OECD:DF_DP_LIVE(1.0),OECD Data Archive,I,DNK,Denmark,GDPHRWKD,GDP per hour worked,TOT,Total,USD,US dollars,A,Annual,2010,,65.937261,,A,,,,,,,
DATAFLOW,OECD:DF_DP_LIVE(1.0),OECD Data Archive,I,BEL,Belgium,GDPHRWKD,GDP per hour worked,TOT,Total,USD,US dollars,A,Annual,2010,,69.053627,,A,,,,,,,
DATAFLOW,OECD:DF_DP_LIVE(1.0),OECD Data Archive,I,NLD,Netherlands,GDPHRWKD,GDP per hour worked,TOT,Total,USD,US dollars,A,Annual,2010,,65.852731,,A,,,,,,,
DATAFLOW,OECD:DF_DP_LIVE(1.0),OECD Data Archive,I,DEU,Germany,GDPHRWKD,GDP per hour worked,TOT,Total,USD,US dollars,A,Annual,2010,,61.116778,,A,,,,,,,
DATAFLOW,OECD:DF_DP_LIVE(1.0),OECD Data Archive,I,CZE,Czechia,GDPHRWKD,GDP per hour worked,TOT,Total,USD,US dollars,A,Annual,2010,,36.128328,,A,,,,,,,
DATAFLOW,OECD:DF_DP_LIVE(1.0),OECD Data Archive,I,TUR,Türkiye,GDPHRWKD,GDP per hour worked,TOT,Total,USD,US dollars,A,Annual,2010,,35.19322,,A,,,,,,,
DATAFLOW,OECD:DF_DP_LIVE(1.0),OECD Data Archive,I,USA,United States,GDPHRWKD,GDP per hour worked,TOT,Total,USD,US dollars,A,Annual,2010,,67.835887,,A,,,,,,,
DATAFLOW,OECD:DF_DP_LIVE(1.0),OECD Data Archive,I,SVK,Slovak Republic,GDPHRWKD,GDP per hour worked,TOT,Total,USD,US dollars,A,Annual,2010,,36.808876,,A,,,,,,,
DATAFLOW,OECD:DF_DP_LIVE(1.0),OECD Data Archive,I,LUX,Luxembourg,GDPHRWKD,GDP per hour worked,TOT,Total,USD,US dollars,A,Annual,2010,,101.160094,,A,,,,,,,
DATAFLOW,OECD:DF_DP_LIVE(1.0),OECD Data Archive,I,COL,Colombia,GDPHRWKD,GDP per hour worked,TOT,Total,USD,US dollars,A,Annual,2010,,11.114892,,A,,,,,,,
DATAFLOW,OECD:DF_DP_LIVE(1.0),OECD Data Archive,I,CRI,Costa Rica,GDPHRWKD,GDP per hour worked,TOT,Total,USD,US dollars,A,Annual,2009,,15.331663,,A,,,,,,,
DATAFLOW,OECD:DF_DP_LIVE(1.0),OECD Data Archive,I,ISR,Israel,GDPHRWKD,GDP per hour worked,TOT,Total,USD,US dollars,A,Annual,2009,,37.067354,,A,,,,,,,
DATAFLOW,OECD:DF_DP_LIVE(1.0),OECD Data Archive,I,CHE,Switzerland,GDPHRWKD,GDP per hour worked,TOT,Total,USD,US dollars,A,Annual,2009,,66.723475,,A,,,,,,,
DATAFLOW,OECD:DF_DP_LIVE(1.0),OECD Data Archive,I,GBR,United Kingdom,GDPHRWKD,GDP per hour worked,TOT,Total,USD,US dollars,A,Annual,2009,,55.533851,,A,,,,,,,
DATAFLOW,OECD:DF_DP_LIVE(1.0),OECD Data Archive,I,NOR,Norway,GDPHRWKD,GDP per hour worked,TOT,Total,USD,US dollars,A,Annual,2009,,78.797682,,A,,,,,,,
DATAFLOW,OECD:DF_DP_LIVE(1.0),OECD Data Archive,I,AUT,Austria,GDPHRWKD,GDP per hour worked,TOT,Total,USD,US dollars,A,Annual,2009,,63.352297,,A,,,,,,,
DATAFLOW,OECD:DF_DP_LIVE(1.0),OECD Data Archive,I,SWE,Sweden,GDPHRWKD,GDP per hour worked,TOT,Total,USD,US dollars,A,Annual,2009,,63.430047,,A,,,,,,,
DATAFLOW,OECD:DF_DP_LIVE(1.0),OECD Data Archive,I,ITA,Italy,GDPHRWKD,GDP per hour worked,TOT,Total,USD,US dollars,A,Annual,2009,,51.485627,,A,,,,,,,
DATAFLOW,OECD:DF_DP_LIVE(1.0),OECD Data Archive,I,POL,Poland,GDPHRWKD,GDP per hour worked,TOT,Total,USD,US dollars,A,Annual,2009,,29.321396,,A,,,,,,,
DATAFLOW,OECD:DF_DP_LIVE(1.0),OECD Data Archive,I,NLD,Netherlands,GDPHRWKD,GDP per hour worked,TOT,Total,USD,US dollars,A,Annual,2009,,64.520326,,A,,,,,,,
DATAFLOW,OECD:DF_DP_LIVE(1.0),OECD Data Archive,I,DEU,Germany,GDPHRWKD,GDP per hour worked,TOT,Total,USD,US dollars,A,Annual,2009,,59.739676,,A,,,,,,,
DATAFLOW,OECD:DF_DP_LIVE(1.0),OECD Data Archive,I,CZE,Czechia,GDPHRWKD,GDP per hour worked,TOT,Total,USD,US dollars,A,Annual,2009,,35.303035,,A,,,,,,,
DATAFLOW,OECD:DF_DP_LIVE(1.0),OECD Data Archive,I,SVN,Slovenia,GDPHRWKD,GDP per hour worked,TOT,Total,USD,US dollars,A,Annual,2011,,40.925467,,A,,,,,,,
DATAFLOW,OECD:DF_DP_LIVE(1.0),OECD Data Archive,I,EST,Estonia,GDPHRWKD,GDP per hour worked,TOT,Total,USD,US dollars,A,Annual,2011,,32.726987,,A,,,,,,,
DATAFLOW,OECD:DF_DP_LIVE(1.0),OECD Data Archive,I,CHL,Chile,GDPHRWKD,GDP per hour worked,TOT,Total,USD,US dollars,A,Annual,2011,,22.524161,,A,,,,,,,
DATAFLOW,OECD:DF_DP_LIVE(1.0),OECD Data Archive,I,JPN,Japan,GDPHRWKD,GDP per hour worked,TOT,Total,USD,US dollars,A,Annual,2011,,43.713823,,A,,,,,,,
DATAFLOW,OECD:DF_DP_LIVE(1.0),OECD Data Archive,I,FIN,Finland,GDPHRWKD,GDP per hour worked,TOT,Total,USD,US dollars,A,Annual,2011,,59.486305,,A,,,,,,,
DATAFLOW,OECD:DF_DP_LIVE(1.0),OECD Data Archive,I,USA,United States,GDPHRWKD,GDP per hour worked,TOT,Total,USD,US dollars,A,Annual,2011,,67.86187,,A,,,,,,,
DATAFLOW,OECD:DF_DP_LIVE(1.0),OECD Data Archive,I,TUR,Türkiye,GDPHRWKD,GDP per hour worked,TOT,Total,USD,US dollars,A,Annual,2011,,37.128369,,A,,,,,,,
DATAFLOW,OECD:DF_DP_LIVE(1.0),OECD Data Archive,I,SVK,Slovak Republic,GDPHRWKD,GDP per hour worked,TOT,Total,USD,US dollars,A,Annual,2011,,37.384872,,A,,,,,,,
DATAFLOW,OECD:DF_DP_LIVE(1.0),OECD Data Archive,I,LUX,Luxembourg,GDPHRWKD,GDP per hour worked,TOT,Total,USD,US dollars,A,Annual,2011,,99.378768,,A,,,,,,,
DATAFLOW,OECD:DF_DP_LIVE(1.0),OECD Data Archive,I,CRI,Costa Rica,GDPHRWKD,GDP per hour worked,TOT,Total,USD,US dollars,A,Annual,2011,,17.944786,,A,,,,,,,
DATAFLOW,OECD:DF_DP_LIVE(1.0),OECD Data Archive,I,ISR,Israel,GDPHRWKD,GDP per hour worked,TOT,Total,USD,US dollars,A,Annual,2011,,39.052687,,A,,,,,,,
DATAFLOW,OECD:DF_DP_LIVE(1.0),OECD Data Archive,I,GBR,United Kingdom,GDPHRWKD,GDP per hour worked,TOT,Total,USD,US dollars,A,Annual,2011,,57.032645,,A,,,,,,,
DATAFLOW,OECD:DF_DP_LIVE(1.0),OECD Data Archive,I,CHE,Switzerland,GDPHRWKD,GDP per hour worked,TOT,Total,USD,US dollars,A,Annual,2011,,68.227615,,A,,,,,,,
DATAFLOW,OECD:DF_DP_LIVE(1.0),OECD Data Archive,I,NOR,Norway,GDPHRWKD,GDP per hour worked,TOT,Total,USD,US dollars,A,Annual,2011,,78.674464,,A,,,,,,,
DATAFLOW,OECD:DF_DP_LIVE(1.0),OECD Data Archive,I,AUT,Austria,GDPHRWKD,GDP per hour worked,TOT,Total,USD,US dollars,A,Annual,2011,,64.948767,,A,,,,,,,
DATAFLOW,OECD:DF_DP_LIVE(1.0),OECD Data Archive,I,OECD,OECD - Total,GDPHRWKD,GDP per hour worked,TOT,Total,USD,US dollars,A,Annual,2012,,48.634969,,A,,,,,,,
DATAFLOW,OECD:DF_DP_LIVE(1.0),OECD Data Archive,I,PRT,Portugal,GDPHRWKD,GDP per hour worked,TOT,Total,USD,US dollars,A,Annual,2012,,38.619119,,A,,,,,,,
DATAFLOW,OECD:DF_DP_LIVE(1.0),OECD Data Archive,I,MEX,Mexico,GDPHRWKD,GDP per hour worked,TOT,Total,USD,US dollars,A,Annual,2012,,20.539959,,A,,,,,,,
DATAFLOW,OECD:DF_DP_LIVE(1.0),OECD Data Archive,I,FRA,France,GDPHRWKD,GDP per hour worked,TOT,Total,USD,US dollars,A,Annual,2012,,63.316137,,A,,,,,,,
DATAFLOW,OECD:DF_DP_LIVE(1.0),OECD Data Archive,I,CRI,Costa Rica,GDPHRWKD,GDP per hour worked,TOT,Total,USD,US dollars,A,Annual,2012,,17.694625,,A,,,,,,,
DATAFLOW,OECD:DF_DP_LIVE(1.0),OECD Data Archive,I,GBR,United Kingdom,GDPHRWKD,GDP per hour worked,TOT,Total,USD,US dollars,A,Annual,2012,,56.684977,,A,,,,,,,
DATAFLOW,OECD:DF_DP_LIVE(1.0),OECD Data Archive,I,ISR,Israel,GDPHRWKD,GDP per hour worked,TOT,Total,USD,US dollars,A,Annual,2012,,38.887142,,A,,,,,,,
DATAFLOW,OECD:DF_DP_LIVE(1.0),OECD Data Archive,I,CHE,Switzerland,GDPHRWKD,GDP per hour worked,TOT,Total,USD,US dollars,A,Annual,2012,,68.49478,,A,,,,,,,
DATAFLOW,OECD:DF_DP_LIVE(1.0),OECD Data Archive,I,AUT,Austria,GDPHRWKD,GDP per hour worked,TOT,Total,USD,US dollars,A,Annual,2012,,65.654895,,A,,,,,,,
DATAFLOW,OECD:DF_DP_LIVE(1.0),OECD Data Archive,I,NOR,Norway,GDPHRWKD,GDP per hour worked,TOT,Total,USD,US dollars,A,Annual,2012,,79.359797,,A,,,,,,,
DATAFLOW,OECD:DF_DP_LIVE(1.0),OECD Data Archive,I,NZL,New Zealand,GDPHRWKD,GDP per hour worked,TOT,Total,USD,US dollars,A,Annual,2012,,41.578263,,A,,,,,,,
DATAFLOW,OECD:DF_DP_LIVE(1.0),OECD Data Archive,I,ISL,Iceland,GDPHRWKD,GDP per hour worked,TOT,Total,USD,US dollars,A,Annual,2012,,57.495299,,A,,,,,,,
DATAFLOW,OECD:DF_DP_LIVE(1.0),OECD Data Archive,I,DNK,Denmark,GDPHRWKD,GDP per hour worked,TOT,Total,USD,US dollars,A,Annual,2012,,67.430176,,A,,,,,,,
DATAFLOW,OECD:DF_DP_LIVE(1.0),OECD Data Archive,I,BEL,Belgium,GDPHRWKD,GDP per hour worked,TOT,Total,USD,US dollars,A,Annual,2012,,68.923207,,A,,,,,,,
DATAFLOW,OECD:DF_DP_LIVE(1.0),OECD Data Archive,I,USA,United States,GDPHRWKD,GDP per hour worked,TOT,Total,USD,US dollars,A,Annual,2016,,69.256659,,A,,,,,,,
DATAFLOW,OECD:DF_DP_LIVE(1.0),OECD Data Archive,I,TUR,Türkiye,GDPHRWKD,GDP per hour worked,TOT,Total,USD,US dollars,A,Annual,2016,,43.044787,,A,,,,,,,
DATAFLOW,OECD:DF_DP_LIVE(1.0),OECD Data Archive,I,SVK,Slovak Republic,GDPHRWKD,GDP per hour worked,TOT,Total,USD,US dollars,A,Annual,2016,,41.14646,,A,,,,,,,
DATAFLOW,OECD:DF_DP_LIVE(1.0),OECD Data Archive,I,LUX,Luxembourg,GDPHRWKD,GDP per hour worked,TOT,Total,USD,US dollars,A,Annual,2016,,101.763319,,A,,,,,,,
DATAFLOW,OECD:DF_DP_LIVE(1.0),OECD Data Archive,I,COL,Colombia,GDPHRWKD,GDP per hour worked,TOT,Total,USD,US dollars,A,Annual,2020,,16.080512,,A,,,,,,,
DATAFLOW,OECD:DF_DP_LIVE(1.0),OECD Data Archive,I,LTU,Lithuania,GDPHRWKD,GDP per hour worked,TOT,Total,USD,US dollars,A,Annual,2020,,44.701301,,A,,,,,,,
DATAFLOW,OECD:DF_DP_LIVE(1.0),OECD Data Archive,I,LVA,Latvia,GDPHRWKD,GDP per hour worked,TOT,Total,USD,US dollars,A,Annual,2020,,38.111684,,A,,,,,,,
DATAFLOW,OECD:DF_DP_LIVE(1.0),OECD Data Archive,I,ESP,Spain,GDPHRWKD,GDP per hour worked,TOT,Total,USD,US dollars,A,Annual,2020,,52.538852,,A,,,,,,,
DATAFLOW,OECD:DF_DP_LIVE(1.0),OECD Data Archive,I,NOR,Norway,GDPHRWKD,GDP per hour worked,TOT,Total,USD,US dollars,A,Annual,2020,,83.542256,,A,,,,,,,
DATAFLOW,OECD:DF_DP_LIVE(1.0),OECD Data Archive,I,HUN,Hungary,GDPHRWKD,GDP per hour worked,TOT,Total,USD,US dollars,A,Annual,2020,,38.411219,,A,,,,,,,
DATAFLOW,OECD:DF_DP_LIVE(1.0),OECD Data Archive,I,GRC,Greece,GDPHRWKD,GDP per hour worked,TOT,Total,USD,US dollars,A,Annual,2020,,34.124854,,A,,,,,,,
DATAFLOW,OECD:DF_DP_LIVE(1.0),OECD Data Archive,I,IRL,Ireland,GDPHRWKD,GDP per hour worked,TOT,Total,USD,US dollars,A,Annual,2020,,120.839902,,A,,,,,,,
DATAFLOW,OECD:DF_DP_LIVE(1.0),OECD Data Archive,I,CAN,Canada,GDPHRWKD,GDP per hour worked,TOT,Total,USD,US dollars,A,Annual,2020,,56.849639,,A,,,,,,,
DATAFLOW,OECD:DF_DP_LIVE(1.0),OECD Data Archive,I,SWE,Sweden,GDPHRWKD,GDP per hour worked,TOT,Total,USD,US dollars,A,Annual,2020,,71.857873,,A,,,,,,,
DATAFLOW,OECD:DF_DP_LIVE(1.0),OECD Data Archive,I,ITA,Italy,GDPHRWKD,GDP per hour worked,TOT,Total,USD,US dollars,A,Annual,2020,,55.319279,,A,,,,,,,
DATAFLOW,OECD:DF_DP_LIVE(1.0),OECD Data Archive,I,NZL,New Zealand,GDPHRWKD,GDP per hour worked,TOT,Total,USD,US dollars,A,Annual,2020,,42.628104,,A,,,,,,,
DATAFLOW,OECD:DF_DP_LIVE(1.0),OECD Data Archive,I,SVN,Slovenia,GDPHRWKD,GDP per hour worked,TOT,Total,USD,US dollars,A,Annual,2020,,45.931102,,A,,,,,,,
DATAFLOW,OECD:DF_DP_LIVE(1.0),OECD Data Archive,I,EST,Estonia,GDPHRWKD,GDP per hour worked,TOT,Total,USD,US dollars,A,Annual,2020,,42.94026,,A,,,,,,,
DATAFLOW,OECD:DF_DP_LIVE(1.0),OECD Data Archive,I,JPN,Japan,GDPHRWKD,GDP per hour worked,TOT,Total,USD,US dollars,A,Annual,2020,,46.882593,,A,,,,,,,
DATAFLOW,OECD:DF_DP_LIVE(1.0),OECD Data Archive,I,FIN,Finland,GDPHRWKD,GDP per hour worked,TOT,Total,USD,US dollars,A,Annual,2020,,61.809712,,A,,,,,,,
DATAFLOW,OECD:DF_DP_LIVE(1.0),OECD Data Archive,I,CRI,Costa Rica,GDPHRWKD,GDP per hour worked,TOT,Total,USD,US dollars,A,Annual,2016,,20.571849,,A,,,,,,,
DATAFLOW,OECD:DF_DP_LIVE(1.0),OECD Data Archive,I,ISR,Israel,GDPHRWKD,GDP per hour worked,TOT,Total,USD,US dollars,A,Annual,2016,,40.500319,,A,,,,,,,
DATAFLOW,OECD:DF_DP_LIVE(1.0),OECD Data Archive,I,GBR,United Kingdom,GDPHRWKD,GDP per hour worked,TOT,Total,USD,US dollars,A,Annual,2016,,57.643436,,A,,,,,,,
DATAFLOW,OECD:DF_DP_LIVE(1.0),OECD Data Archive,I,CHE,Switzerland,GDPHRWKD,GDP per hour worked,TOT,Total,USD,US dollars,A,Annual,2016,,70.431631,,A,,,,,,,
DATAFLOW,OECD:DF_DP_LIVE(1.0),OECD Data Archive,I,NOR,Norway,GDPHRWKD,GDP per hour worked,TOT,Total,USD,US dollars,A,Annual,2016,,82.063215,,A,,,,,,,
DATAFLOW,OECD:DF_DP_LIVE(1.0),OECD Data Archive,I,AUT,Austria,GDPHRWKD,GDP per hour worked,TOT,Total,USD,US dollars,A,Annual,2016,,67.177258,,A,,,,,,,
DATAFLOW,OECD:DF_DP_LIVE(1.0),OECD Data Archive,I,DNK,Denmark,GDPHRWKD,GDP per hour worked,TOT,Total,USD,US dollars,A,Annual,2016,,70.856515,,A,,,,,,,
DATAFLOW,OECD:DF_DP_LIVE(1.0),OECD Data Archive,I,BEL,Belgium,GDPHRWKD,GDP per hour worked,TOT,Total,USD,US dollars,A,Annual,2016,,71.674769,,A,,,,,,,
DATAFLOW,OECD:DF_DP_LIVE(1.0),OECD Data Archive,I,ISL,Iceland,GDPHRWKD,GDP per hour worked,TOT,Total,USD,US dollars,A,Annual,2016,,60.324542,,A,,,,,,,
DATAFLOW,OECD:DF_DP_LIVE(1.0),OECD Data Archive,I,POL,Poland,GDPHRWKD,GDP per hour worked,TOT,Total,USD,US dollars,A,Annual,2016,,35.57778,,A,,,,,,,
DATAFLOW,OECD:DF_DP_LIVE(1.0),OECD Data Archive,I,NLD,Netherlands,GDPHRWKD,GDP per hour worked,TOT,Total,USD,US dollars,A,Annual,2016,,67.727181,,A,,,,,,,
DATAFLOW,OECD:DF_DP_LIVE(1.0),OECD Data Archive,I,KOR,Korea,GDPHRWKD,GDP per hour worked,TOT,Total,USD,US dollars,A,Annual,2016,,36.548081,,A,,,,,,,
DATAFLOW,OECD:DF_DP_LIVE(1.0),OECD Data Archive,I,DEU,Germany,GDPHRWKD,GDP per hour worked,TOT,Total,USD,US dollars,A,Annual,2016,,65.248665,,A,,,,,,,
DATAFLOW,OECD:DF_DP_LIVE(1.0),OECD Data Archive,I,CZE,Czechia,GDPHRWKD,GDP per hour worked,TOT,Total,USD,US dollars,A,Annual,2016,,39.251558,,A,,,,,,,
DATAFLOW,OECD:DF_DP_LIVE(1.0),OECD Data Archive,I,POL,Poland,GDPHRWKD,GDP per hour worked,TOT,Total,USD,US dollars,A,Annual,2014,,34.050522,,A,,,,,,,
DATAFLOW,OECD:DF_DP_LIVE(1.0),OECD Data Archive,I,NLD,Netherlands,GDPHRWKD,GDP per hour worked,TOT,Total,USD,US dollars,A,Annual,2014,,67.172705,,A,,,,,,,
DATAFLOW,OECD:DF_DP_LIVE(1.0),OECD Data Archive,I,KOR,Korea,GDPHRWKD,GDP per hour worked,TOT,Total,USD,US dollars,A,Annual,2014,,35.078704,,A,,,,,,,
DATAFLOW,OECD:DF_DP_LIVE(1.0),OECD Data Archive,I,DEU,Germany,GDPHRWKD,GDP per hour worked,TOT,Total,USD,US dollars,A,Annual,2014,,64.049842,,A,,,,,,,
DATAFLOW,OECD:DF_DP_LIVE(1.0),OECD Data Archive,I,CZE,Czechia,GDPHRWKD,GDP per hour worked,TOT,Total,USD,US dollars,A,Annual,2014,,37.432375,,A,,,,,,,
DATAFLOW,OECD:DF_DP_LIVE(1.0),OECD Data Archive,I,USA,United States,GDPHRWKD,GDP per hour worked,TOT,Total,USD,US dollars,A,Annual,2014,,68.665009,,A,,,,,,,
DATAFLOW,OECD:DF_DP_LIVE(1.0),OECD Data Archive,I,SWE,Sweden,GDPHRWKD,GDP per hour worked,TOT,Total,USD,US dollars,A,Annual,2016,,68.649665,,A,,,,,,,
DATAFLOW,OECD:DF_DP_LIVE(1.0),OECD Data Archive,I,NZL,New Zealand,GDPHRWKD,GDP per hour worked,TOT,Total,USD,US dollars,A,Annual,2016,,41.241456,,A,,,,,,,
DATAFLOW,OECD:DF_DP_LIVE(1.0),OECD Data Archive,I,ITA,Italy,GDPHRWKD,GDP per hour worked,TOT,Total,USD,US dollars,A,Annual,2016,,53.057615,,A,,,,,,,
DATAFLOW,OECD:DF_DP_LIVE(1.0),OECD Data Archive,I,SWE,Sweden,GDPHRWKD,GDP per hour worked,TOT,Total,USD,US dollars,A,Annual,2014,,67.152902,,A,,,,,,,
DATAFLOW,OECD:DF_DP_LIVE(1.0),OECD Data Archive,I,ITA,Italy,GDPHRWKD,GDP per hour worked,TOT,Total,USD,US dollars,A,Annual,2014,,53.189636,,A,,,,,,,
DATAFLOW,OECD:DF_DP_LIVE(1.0),OECD Data Archive,I,SVN,Slovenia,GDPHRWKD,GDP per hour worked,TOT,Total,USD,US dollars,A,Annual,2014,,40.753894,,A,,,,,,,
DATAFLOW,OECD:DF_DP_LIVE(1.0),OECD Data Archive,I,CHL,Chile,GDPHRWKD,GDP per hour worked,TOT,Total,USD,US dollars,A,Annual,2014,,24.41223,,A,,,,,,,
DATAFLOW,OECD:DF_DP_LIVE(1.0),OECD Data Archive,I,EST,Estonia,GDPHRWKD,GDP per hour worked,TOT,Total,USD,US dollars,A,Annual,2014,,35.143099,,A,,,,,,,
DATAFLOW,OECD:DF_DP_LIVE(1.0),OECD Data Archive,I,FIN,Finland,GDPHRWKD,GDP per hour worked,TOT,Total,USD,US dollars,A,Annual,2014,,58.865612,,A,,,,,,,
DATAFLOW,OECD:DF_DP_LIVE(1.0),OECD Data Archive,I,JPN,Japan,GDPHRWKD,GDP per hour worked,TOT,Total,USD,US dollars,A,Annual,2014,,45.259761,,A,,,,,,,
DATAFLOW,OECD:DF_DP_LIVE(1.0),OECD Data Archive,I,OECD,OECD - Total,GDPHRWKD,GDP per hour worked,TOT,Total,USD,US dollars,A,Annual,2014,,49.533143,,A,,,,,,,
DATAFLOW,OECD:DF_DP_LIVE(1.0),OECD Data Archive,I,PRT,Portugal,GDPHRWKD,GDP per hour worked,TOT,Total,USD,US dollars,A,Annual,2014,,38.779614,,A,,,,,,,
DATAFLOW,OECD:DF_DP_LIVE(1.0),OECD Data Archive,I,MEX,Mexico,GDPHRWKD,GDP per hour worked,TOT,Total,USD,US dollars,A,Annual,2014,,20.862598,,A,,,,,,,
DATAFLOW,OECD:DF_DP_LIVE(1.0),OECD Data Archive,I,FRA,France,GDPHRWKD,GDP per hour worked,TOT,Total,USD,US dollars,A,Annual,2014,,64.791079,,A,,,,,,,
DATAFLOW,OECD:DF_DP_LIVE(1.0),OECD Data Archive,I,CRI,Costa Rica,GDPHRWKD,GDP per hour worked,TOT,Total,USD,US dollars,A,Annual,2014,,19.093774,,A,,,,,,,
DATAFLOW,OECD:DF_DP_LIVE(1.0),OECD Data Archive,I,POL,Poland,GDPHRWKD,GDP per hour worked,TOT,Total,USD,US dollars,A,Annual,2015,,34.879786,,A,,,,,,,
DATAFLOW,OECD:DF_DP_LIVE(1.0),OECD Data Archive,I,NLD,Netherlands,GDPHRWKD,GDP per hour worked,TOT,Total,USD,US dollars,A,Annual,2015,,67.832959,,A,,,,,,,
DATAFLOW,OECD:DF_DP_LIVE(1.0),OECD Data Archive,I,KOR,Korea,GDPHRWKD,GDP per hour worked,TOT,Total,USD,US dollars,A,Annual,2015,,35.557786,,A,,,,,,,
DATAFLOW,OECD:DF_DP_LIVE(1.0),OECD Data Archive,I,DEU,Germany,GDPHRWKD,GDP per hour worked,TOT,Total,USD,US dollars,A,Annual,2015,,64.376152,,A,,,,,,,
DATAFLOW,OECD:DF_DP_LIVE(1.0),OECD Data Archive,I,CZE,Czechia,GDPHRWKD,GDP per hour worked,TOT,Total,USD,US dollars,A,Annual,2015,,39.390083,,A,,,,,,,
DATAFLOW,OECD:DF_DP_LIVE(1.0),OECD Data Archive,I,OECD,OECD - Total,GDPHRWKD,GDP per hour worked,TOT,Total,USD,US dollars,A,Annual,2015,,50.078785,,A,,,,,,,
DATAFLOW,OECD:DF_DP_LIVE(1.0),OECD Data Archive,I,PRT,Portugal,GDPHRWKD,GDP per hour worked,TOT,Total,USD,US dollars,A,Annual,2015,,38.771568,,A,,,,,,,
DATAFLOW,OECD:DF_DP_LIVE(1.0),OECD Data Archive,I,MEX,Mexico,GDPHRWKD,GDP per hour worked,TOT,Total,USD,US dollars,A,Annual,2015,,20.862372,,A,,,,,,,
DATAFLOW,OECD:DF_DP_LIVE(1.0),OECD Data Archive,I,FRA,France,GDPHRWKD,GDP per hour worked,TOT,Total,USD,US dollars,A,Annual,2015,,65.316731,,A,,,,,,,
DATAFLOW,OECD:DF_DP_LIVE(1.0),OECD Data Archive,I,COL,Colombia,GDPHRWKD,GDP per hour worked,TOT,Total,USD,US dollars,A,Annual,2015,,12.488134,,A,,,,,,,
DATAFLOW,OECD:DF_DP_LIVE(1.0),OECD Data Archive,I,LTU,Lithuania,GDPHRWKD,GDP per hour worked,TOT,Total,USD,US dollars,A,Annual,2015,,37.321585,,A,,,,,,,
DATAFLOW,OECD:DF_DP_LIVE(1.0),OECD Data Archive,I,LVA,Latvia,GDPHRWKD,GDP per hour worked,TOT,Total,USD,US dollars,A,Annual,2015,,33.400119,,A,,,,,,,
DATAFLOW,OECD:DF_DP_LIVE(1.0),OECD Data Archive,I,ESP,Spain,GDPHRWKD,GDP per hour worked,TOT,Total,USD,US dollars,A,Annual,2015,,51.769513,,A,,,,,,,
DATAFLOW,OECD:DF_DP_LIVE(1.0),OECD Data Archive,I,HUN,Hungary,GDPHRWKD,GDP per hour worked,TOT,Total,USD,US dollars,A,Annual,2015,,35.030998,,A,,,,,,,
DATAFLOW,OECD:DF_DP_LIVE(1.0),OECD Data Archive,I,GRC,Greece,GDPHRWKD,GDP per hour worked,TOT,Total,USD,US dollars,A,Annual,2015,,34.620568,,A,,,,,,,
DATAFLOW,OECD:DF_DP_LIVE(1.0),OECD Data Archive,I,IRL,Ireland,GDPHRWKD,GDP per hour worked,TOT,Total,USD,US dollars,A,Annual,2015,,94.224594,,A,,,,,,,
DATAFLOW,OECD:DF_DP_LIVE(1.0),OECD Data Archive,I,CAN,Canada,GDPHRWKD,GDP per hour worked,TOT,Total,USD,US dollars,A,Annual,2015,,51.234357,,A,,,,,,,
DATAFLOW,OECD:DF_DP_LIVE(1.0),OECD Data Archive,I,AUS,Australia,GDPHRWKD,GDP per hour worked,TOT,Total,USD,US dollars,A,Annual,2015,,54.145277,,A,,,,,,,
DATAFLOW,OECD:DF_DP_LIVE(1.0),OECD Data Archive,I,LTU,Lithuania,GDPHRWKD,GDP per hour worked,TOT,Total,USD,US dollars,A,Annual,2013,,36.906196,,A,,,,,,,
DATAFLOW,OECD:DF_DP_LIVE(1.0),OECD Data Archive,I,LVA,Latvia,GDPHRWKD,GDP per hour worked,TOT,Total,USD,US dollars,A,Annual,2013,,31.138166,,A,,,,,,,
DATAFLOW,OECD:DF_DP_LIVE(1.0),OECD Data Archive,I,HUN,Hungary,GDPHRWKD,GDP per hour worked,TOT,Total,USD,US dollars,A,Annual,2013,,34.885635,,A,,,,,,,
DATAFLOW,OECD:DF_DP_LIVE(1.0),OECD Data Archive,I,GRC,Greece,GDPHRWKD,GDP per hour worked,TOT,Total,USD,US dollars,A,Annual,2013,,33.629296,,A,,,,,,,
DATAFLOW,OECD:DF_DP_LIVE(1.0),OECD Data Archive,I,IRL,Ireland,GDPHRWKD,GDP per hour worked,TOT,Total,USD,US dollars,A,Annual,2013,,74.087742,,A,,,,,,,
DATAFLOW,OECD:DF_DP_LIVE(1.0),OECD Data Archive,I,AUS,Australia,GDPHRWKD,GDP per hour worked,TOT,Total,USD,US dollars,A,Annual,2013,,52.552964,,A,,,,,,,
DATAFLOW,OECD:DF_DP_LIVE(1.0),OECD Data Archive,I,ESP,Spain,GDPHRWKD,GDP per hour worked,TOT,Total,USD,US dollars,A,Annual,2013,,51.203041,,A,,,,,,,
DATAFLOW,OECD:DF_DP_LIVE(1.0),OECD Data Archive,I,CAN,Canada,GDPHRWKD,GDP per hour worked,TOT,Total,USD,US dollars,A,Annual,2013,,49.910705,,A,,,,,,,
DATAFLOW,OECD:DF_DP_LIVE(1.0),OECD Data Archive,I,NZL,New Zealand,GDPHRWKD,GDP per hour worked,TOT,Total,USD,US dollars,A,Annual,2013,,40.710064,,A,,,,,,,
DATAFLOW,OECD:DF_DP_LIVE(1.0),OECD Data Archive,I,DNK,Denmark,GDPHRWKD,GDP per hour worked,TOT,Total,USD,US dollars,A,Annual,2013,,67.960405,,A,,,,,,,
DATAFLOW,OECD:DF_DP_LIVE(1.0),OECD Data Archive,I,BEL,Belgium,GDPHRWKD,GDP per hour worked,TOT,Total,USD,US dollars,A,Annual,2013,,69.517696,,A,,,,,,,
DATAFLOW,OECD:DF_DP_LIVE(1.0),OECD Data Archive,I,ISL,Iceland,GDPHRWKD,GDP per hour worked,TOT,Total,USD,US dollars,A,Annual,2013,,58.702973,,A,,,,,,,
DATAFLOW,OECD:DF_DP_LIVE(1.0),OECD Data Archive,I,SVN,Slovenia,GDPHRWKD,GDP per hour worked,TOT,Total,USD,US dollars,A,Annual,2013,,40.292879,,A,,,,,,,
DATAFLOW,OECD:DF_DP_LIVE(1.0),OECD Data Archive,I,EST,Estonia,GDPHRWKD,GDP per hour worked,TOT,Total,USD,US dollars,A,Annual,2013,,34.258793,,A,,,,,,,
DATAFLOW,OECD:DF_DP_LIVE(1.0),OECD Data Archive,I,CHL,Chile,GDPHRWKD,GDP per hour worked,TOT,Total,USD,US dollars,A,Annual,2013,,23.9972,,A,,,,,,,
DATAFLOW,OECD:DF_DP_LIVE(1.0),OECD Data Archive,I,JPN,Japan,GDPHRWKD,GDP per hour worked,TOT,Total,USD,US dollars,A,Annual,2013,,45.179653,,A,,,,,,,
DATAFLOW,OECD:DF_DP_LIVE(1.0),OECD Data Archive,I,FIN,Finland,GDPHRWKD,GDP per hour worked,TOT,Total,USD,US dollars,A,Annual,2013,,58.728704,,A,,,,,,,
DATAFLOW,OECD:DF_DP_LIVE(1.0),OECD Data Archive,I,CHL,Chile,GDPHRWKD,GDP per hour worked,TOT,Total,USD,US dollars,A,Annual,2018,,25.319539,,A,,,,,,,
DATAFLOW,OECD:DF_DP_LIVE(1.0),OECD Data Archive,I,ISL,Iceland,GDPHRWKD,GDP per hour worked,TOT,Total,USD,US dollars,A,Annual,2018,,62.370889,,A,,,,,,,
DATAFLOW,OECD:DF_DP_LIVE(1.0),OECD Data Archive,I,BEL,Belgium,GDPHRWKD,GDP per hour worked,TOT,Total,USD,US dollars,A,Annual,2018,,71.681631,,A,,,,,,,
DATAFLOW,OECD:DF_DP_LIVE(1.0),OECD Data Archive,I,DNK,Denmark,GDPHRWKD,GDP per hour worked,TOT,Total,USD,US dollars,A,Annual,2018,,73.769587,,A,,,,,,,
DATAFLOW,OECD:DF_DP_LIVE(1.0),OECD Data Archive,I,POL,Poland,GDPHRWKD,GDP per hour worked,TOT,Total,USD,US dollars,A,Annual,2018,,39.854227,,A,,,,,,,
DATAFLOW,OECD:DF_DP_LIVE(1.0),OECD Data Archive,I,NLD,Netherlands,GDPHRWKD,GDP per hour worked,TOT,Total,USD,US dollars,A,Annual,2018,,67.876916,,A,,,,,,,
DATAFLOW,OECD:DF_DP_LIVE(1.0),OECD Data Archive,I,KOR,Korea,GDPHRWKD,GDP per hour worked,TOT,Total,USD,US dollars,A,Annual,2018,,39.639258,,A,,,,,,,
DATAFLOW,OECD:DF_DP_LIVE(1.0),OECD Data Archive,I,CZE,Czechia,GDPHRWKD,GDP per hour worked,TOT,Total,USD,US dollars,A,Annual,2018,,41.161265,,A,,,,,,,
DATAFLOW,OECD:DF_DP_LIVE(1.0),OECD Data Archive,I,DEU,Germany,GDPHRWKD,GDP per hour worked,TOT,Total,USD,US dollars,A,Annual,2018,,66.549287,,A,,,,,,,
DATAFLOW,OECD:DF_DP_LIVE(1.0),OECD Data Archive,I,TUR,Türkiye,GDPHRWKD,GDP per hour worked,TOT,Total,USD,US dollars,A,Annual,2018,,46.227634,,A,,,,,,,
DATAFLOW,OECD:DF_DP_LIVE(1.0),OECD Data Archive,I,USA,United States,GDPHRWKD,GDP per hour worked,TOT,Total,USD,US dollars,A,Annual,2018,,70.664702,,A,,,,,,,
DATAFLOW,OECD:DF_DP_LIVE(1.0),OECD Data Archive,I,SVK,Slovak Republic,GDPHRWKD,GDP per hour worked,TOT,Total,USD,US dollars,A,Annual,2018,,43.157588,,A,,,,,,,
DATAFLOW,OECD:DF_DP_LIVE(1.0),OECD Data Archive,I,LUX,Luxembourg,GDPHRWKD,GDP per hour worked,TOT,Total,USD,US dollars,A,Annual,2018,,98.578393,,A,,,,,,,
DATAFLOW,OECD:DF_DP_LIVE(1.0),OECD Data Archive,I,COL,Colombia,GDPHRWKD,GDP per hour worked,TOT,Total,USD,US dollars,A,Annual,2018,,13.050834,,A,,,,,,,
DATAFLOW,OECD:DF_DP_LIVE(1.0),OECD Data Archive,I,OECD,OECD - Total,GDPHRWKD,GDP per hour worked,TOT,Total,USD,US dollars,A,Annual,2020,,54.097441,,A,,,,,,,
DATAFLOW,OECD:DF_DP_LIVE(1.0),OECD Data Archive,I,PRT,Portugal,GDPHRWKD,GDP per hour worked,TOT,Total,USD,US dollars,A,Annual,2020,,40.084245,,A,,,,,,,
DATAFLOW,OECD:DF_DP_LIVE(1.0),OECD Data Archive,I,MEX,Mexico,GDPHRWKD,GDP per hour worked,TOT,Total,USD,US dollars,A,Annual,2020,,19.898147,,A,,,,,,,
DATAFLOW,OECD:DF_DP_LIVE(1.0),OECD Data Archive,I,FRA,France,GDPHRWKD,GDP per hour worked,TOT,Total,USD,US dollars,A,Annual,2020,,67.617447,,A,,,,,,,
DATAFLOW,OECD:DF_DP_LIVE(1.0),OECD Data Archive,I,CRI,Costa Rica,GDPHRWKD,GDP per hour worked,TOT,Total,USD,US dollars,A,Annual,2020,,25.395334,,A,,,,,,,
DATAFLOW,OECD:DF_DP_LIVE(1.0),OECD Data Archive,I,GBR,United Kingdom,GDPHRWKD,GDP per hour worked,TOT,Total,USD,US dollars,A,Annual,2020,,60.309119,,A,,,,,,,
DATAFLOW,OECD:DF_DP_LIVE(1.0),OECD Data Archive,I,ISR,Israel,GDPHRWKD,GDP per hour worked,TOT,Total,USD,US dollars,A,Annual,2020,,46.844789,,A,,,,,,,
DATAFLOW,OECD:DF_DP_LIVE(1.0),OECD Data Archive,I,CHE,Switzerland,GDPHRWKD,GDP per hour worked,TOT,Total,USD,US dollars,A,Annual,2020,,74.834673,,A,,,,,,,
DATAFLOW,OECD:DF_DP_LIVE(1.0),OECD Data Archive,I,AUT,Austria,GDPHRWKD,GDP per hour worked,TOT,Total,USD,US dollars,A,Annual,2020,,69.751669,,A,,,,,,,
DATAFLOW,OECD:DF_DP_LIVE(1.0),OECD Data Archive,I,CHL,Chile,GDPHRWKD,GDP per hour worked,TOT,Total,USD,US dollars,A,Annual,2020,,28.548382,,A,,,,,,,
DATAFLOW,OECD:DF_DP_LIVE(1.0),OECD Data Archive,I,ISL,Iceland,GDPHRWKD,GDP per hour worked,TOT,Total,USD,US dollars,A,Annual,2020,,63.298688,,A,,,,,,,
DATAFLOW,OECD:DF_DP_LIVE(1.0),OECD Data Archive,I,DNK,Denmark,GDPHRWKD,GDP per hour worked,TOT,Total,USD,US dollars,A,Annual,2020,,74.732173,,A,,,,,,,
DATAFLOW,OECD:DF_DP_LIVE(1.0),OECD Data Archive,I,BEL,Belgium,GDPHRWKD,GDP per hour worked,TOT,Total,USD,US dollars,A,Annual,2020,,74.625589,,A,,,,,,,
DATAFLOW,OECD:DF_DP_LIVE(1.0),OECD Data Archive,I,CRI,Costa Rica,GDPHRWKD,GDP per hour worked,TOT,Total,USD,US dollars,A,Annual,2017,,21.056646,,A,,,,,,,
DATAFLOW,OECD:DF_DP_LIVE(1.0),OECD Data Archive,I,ISR,Israel,GDPHRWKD,GDP per hour worked,TOT,Total,USD,US dollars,A,Annual,2017,,41.186463,,A,,,,,,,
DATAFLOW,OECD:DF_DP_LIVE(1.0),OECD Data Archive,I,GBR,United Kingdom,GDPHRWKD,GDP per hour worked,TOT,Total,USD,US dollars,A,Annual,2017,,58.806296,,A,,,,,,,
DATAFLOW,OECD:DF_DP_LIVE(1.0),OECD Data Archive,I,CHE,Switzerland,GDPHRWKD,GDP per hour worked,TOT,Total,USD,US dollars,A,Annual,2017,,71.561236,,A,,,,,,,
DATAFLOW,OECD:DF_DP_LIVE(1.0),OECD Data Archive,I,NOR,Norway,GDPHRWKD,GDP per hour worked,TOT,Total,USD,US dollars,A,Annual,2017,,83.761641,,A,,,,,,,
DATAFLOW,OECD:DF_DP_LIVE(1.0),OECD Data Archive,I,AUT,Austria,GDPHRWKD,GDP per hour worked,TOT,Total,USD,US dollars,A,Annual,2017,,68.003808,,A,,,,,,,
DATAFLOW,OECD:DF_DP_LIVE(1.0),OECD Data Archive,I,SWE,Sweden,GDPHRWKD,GDP per hour worked,TOT,Total,USD,US dollars,A,Annual,2017,,69.261329,,A,,,,,,,
DATAFLOW,OECD:DF_DP_LIVE(1.0),OECD Data Archive,I,ITA,Italy,GDPHRWKD,GDP per hour worked,TOT,Total,USD,US dollars,A,Annual,2017,,53.399887,,A,,,,,,,
DATAFLOW,OECD:DF_DP_LIVE(1.0),OECD Data Archive,I,NZL,New Zealand,GDPHRWKD,GDP per hour worked,TOT,Total,USD,US dollars,A,Annual,2017,,41.303712,,A,,,,,,,
DATAFLOW,OECD:DF_DP_LIVE(1.0),OECD Data Archive,I,POL,Poland,GDPHRWKD,GDP per hour worked,TOT,Total,USD,US dollars,A,Annual,2017,,37.315221,,A,,,,,,,
DATAFLOW,OECD:DF_DP_LIVE(1.0),OECD Data Archive,I,KOR,Korea,GDPHRWKD,GDP per hour worked,TOT,Total,USD,US dollars,A,Annual,2017,,38.180564,,A,,,,,,,
DATAFLOW,OECD:DF_DP_LIVE(1.0),OECD Data Archive,I,NLD,Netherlands,GDPHRWKD,GDP per hour worked,TOT,Total,USD,US dollars,A,Annual,2017,,68.095551,,A,,,,,,,
DATAFLOW,OECD:DF_DP_LIVE(1.0),OECD Data Archive,I,DEU,Germany,GDPHRWKD,GDP per hour worked,TOT,Total,USD,US dollars,A,Annual,2017,,66.411797,,A,,,,,,,
DATAFLOW,OECD:DF_DP_LIVE(1.0),OECD Data Archive,I,CZE,Czechia,GDPHRWKD,GDP per hour worked,TOT,Total,USD,US dollars,A,Annual,2017,,40.595969,,A,,,,,,,
DATAFLOW,OECD:DF_DP_LIVE(1.0),OECD Data Archive,I,SVN,Slovenia,GDPHRWKD,GDP per hour worked,TOT,Total,USD,US dollars,A,Annual,2019,,45.579434,,A,,,,,,,
DATAFLOW,OECD:DF_DP_LIVE(1.0),OECD Data Archive,I,EST,Estonia,GDPHRWKD,GDP per hour worked,TOT,Total,USD,US dollars,A,Annual,2019,,40.593175,,A,,,,,,,
DATAFLOW,OECD:DF_DP_LIVE(1.0),OECD Data Archive,I,JPN,Japan,GDPHRWKD,GDP per hour worked,TOT,Total,USD,US dollars,A,Annual,2019,,47.335577,,A,,,,,,,
DATAFLOW,OECD:DF_DP_LIVE(1.0),OECD Data Archive,I,FIN,Finland,GDPHRWKD,GDP per hour worked,TOT,Total,USD,US dollars,A,Annual,2019,,61.704044,,A,,,,,,,
DATAFLOW,OECD:DF_DP_LIVE(1.0),OECD Data Archive,I,USA,United States,GDPHRWKD,GDP per hour worked,TOT,Total,USD,US dollars,A,Annual,2019,,71.520554,,A,,,,,,,
DATAFLOW,OECD:DF_DP_LIVE(1.0),OECD Data Archive,I,TUR,Türkiye,GDPHRWKD,GDP per hour worked,TOT,Total,USD,US dollars,A,Annual,2019,,47.996734,,A,,,,,,,
DATAFLOW,OECD:DF_DP_LIVE(1.0),OECD Data Archive,I,SVK,Slovak Republic,GDPHRWKD,GDP per hour worked,TOT,Total,USD,US dollars,A,Annual,2019,,44.092757,,A,,,,,,,
DATAFLOW,OECD:DF_DP_LIVE(1.0),OECD Data Archive,I,LUX,Luxembourg,GDPHRWKD,GDP per hour worked,TOT,Total,USD,US dollars,A,Annual,2019,,98.385068,,A,,,,,,,
DATAFLOW,OECD:DF_DP_LIVE(1.0),OECD Data Archive,I,CRI,Costa Rica,GDPHRWKD,GDP per hour worked,TOT,Total,USD,US dollars,A,Annual,2019,,22.038536,,A,,,,,,,
DATAFLOW,OECD:DF_DP_LIVE(1.0),OECD Data Archive,I,ISR,Israel,GDPHRWKD,GDP per hour worked,TOT,Total,USD,US dollars,A,Annual,2019,,43.659122,,A,,,,,,,
DATAFLOW,OECD:DF_DP_LIVE(1.0),OECD Data Archive,I,GBR,United Kingdom,GDPHRWKD,GDP per hour worked,TOT,Total,USD,US dollars,A,Annual,2019,,59.200826,,A,,,,,,,
DATAFLOW,OECD:DF_DP_LIVE(1.0),OECD Data Archive,I,CHE,Switzerland,GDPHRWKD,GDP per hour worked,TOT,Total,USD,US dollars,A,Annual,2019,,73.619376,,A,,,,,,,
DATAFLOW,OECD:DF_DP_LIVE(1.0),OECD Data Archive,I,NOR,Norway,GDPHRWKD,GDP per hour worked,TOT,Total,USD,US dollars,A,Annual,2019,,82.793848,,A,,,,,,,
DATAFLOW,OECD:DF_DP_LIVE(1.0),OECD Data Archive,I,AUT,Austria,GDPHRWKD,GDP per hour worked,TOT,Total,USD,US dollars,A,Annual,2019,,68.222001,,A,,,,,,,
DATAFLOW,OECD:DF_DP_LIVE(1.0),OECD Data Archive,I,POL,Poland,GDPHRWKD,GDP per hour worked,TOT,Total,USD,US dollars,A,Annual,2010,,31.083531,,B,,,,,,,
DATAFLOW,OECD:DF_DP_LIVE(1.0),OECD Data Archive,I,USA,United States,GDPHRWKD,GDP per hour worked,TOT,Total,USD,US dollars,A,Annual,2007,,63.232583,,A,,,,,,,
DATAFLOW,OECD:DF_DP_LIVE(1.0),OECD Data Archive,I,TUR,Türkiye,GDPHRWKD,GDP per hour worked,TOT,Total,USD,US dollars,A,Annual,2007,,35.924232,,A,,,,,,,
DATAFLOW,OECD:DF_DP_LIVE(1.0),OECD Data Archive,I,SVK,Slovak Republic,GDPHRWKD,GDP per hour worked,TOT,Total,USD,US dollars,A,Annual,2007,,34.710747,,A,,,,,,,
DATAFLOW,OECD:DF_DP_LIVE(1.0),OECD Data Archive,I,LUX,Luxembourg,GDPHRWKD,GDP per hour worked,TOT,Total,USD,US dollars,A,Annual,2007,,104.743364,,A,,,,,,,
DATAFLOW,OECD:DF_DP_LIVE(1.0),OECD Data Archive,I,CRI,Costa Rica,GDPHRWKD,GDP per hour worked,TOT,Total,USD,US dollars,A,Annual,2007,,14.453706,,A,,,,,,,
DATAFLOW,OECD:DF_DP_LIVE(1.0),OECD Data Archive,I,GBR,United Kingdom,GDPHRWKD,GDP per hour worked,TOT,Total,USD,US dollars,A,Annual,2007,,56.972872,,A,,,,,,,
DATAFLOW,OECD:DF_DP_LIVE(1.0),OECD Data Archive,I,ISR,Israel,GDPHRWKD,GDP per hour worked,TOT,Total,USD,US dollars,A,Annual,2007,,37.455976,,A,,,,,,,
DATAFLOW,OECD:DF_DP_LIVE(1.0),OECD Data Archive,I,CHE,Switzerland,GDPHRWKD,GDP per hour worked,TOT,Total,USD,US dollars,A,Annual,2007,,67.595243,,A,,,,,,,
DATAFLOW,OECD:DF_DP_LIVE(1.0),OECD Data Archive,I,AUS,Australia,GDPHRWKD,GDP per hour worked,TOT,Total,USD,US dollars,A,Annual,2007,,47.806248,,A,,,,,,,
DATAFLOW,OECD:DF_DP_LIVE(1.0),OECD Data Archive,I,AUT,Austria,GDPHRWKD,GDP per hour worked,TOT,Total,USD,US dollars,A,Annual,2007,,63.797008,,A,,,,,,,
DATAFLOW,OECD:DF_DP_LIVE(1.0),OECD Data Archive,I,NOR,Norway,GDPHRWKD,GDP per hour worked,TOT,Total,USD,US dollars,A,Annual,2007,,81.266766,,A,,,,,,,
DATAFLOW,OECD:DF_DP_LIVE(1.0),OECD Data Archive,I,SWE,Sweden,GDPHRWKD,GDP per hour worked,TOT,Total,USD,US dollars,A,Annual,2007,,65.489276,,A,,,,,,,
DATAFLOW,OECD:DF_DP_LIVE(1.0),OECD Data Archive,I,ITA,Italy,GDPHRWKD,GDP per hour worked,TOT,Total,USD,US dollars,A,Annual,2007,,52.833352,,A,,,,,,,
DATAFLOW,OECD:DF_DP_LIVE(1.0),OECD Data Archive,I,POL,Poland,GDPHRWKD,GDP per hour worked,TOT,Total,USD,US dollars,A,Annual,2006,,27.469543,,A,,,,,,,
DATAFLOW,OECD:DF_DP_LIVE(1.0),OECD Data Archive,I,NLD,Netherlands,GDPHRWKD,GDP per hour worked,TOT,Total,USD,US dollars,A,Annual,2006,,65.051296,,A,,,,,,,
DATAFLOW,OECD:DF_DP_LIVE(1.0),OECD Data Archive,I,DEU,Germany,GDPHRWKD,GDP per hour worked,TOT,Total,USD,US dollars,A,Annual,2006,,60.858653,,A,,,,,,,
DATAFLOW,OECD:DF_DP_LIVE(1.0),OECD Data Archive,I,CZE,Czechia,GDPHRWKD,GDP per hour worked,TOT,Total,USD,US dollars,A,Annual,2006,,34.781571,,A,,,,,,,
DATAFLOW,OECD:DF_DP_LIVE(1.0),OECD Data Archive,I,USA,United States,GDPHRWKD,GDP per hour worked,TOT,Total,USD,US dollars,A,Annual,2006,,62.356937,,A,,,,,,,
DATAFLOW,OECD:DF_DP_LIVE(1.0),OECD Data Archive,I,TUR,Türkiye,GDPHRWKD,GDP per hour worked,TOT,Total,USD,US dollars,A,Annual,2006,,34.111688,,A,,,,,,,
DATAFLOW,OECD:DF_DP_LIVE(1.0),OECD Data Archive,I,SVK,Slovak Republic,GDPHRWKD,GDP per hour worked,TOT,Total,USD,US dollars,A,Annual,2006,,32.274839,,A,,,,,,,
DATAFLOW,OECD:DF_DP_LIVE(1.0),OECD Data Archive,I,LUX,Luxembourg,GDPHRWKD,GDP per hour worked,TOT,Total,USD,US dollars,A,Annual,2006,,102.035068,,A,,,,,,,
DATAFLOW,OECD:DF_DP_LIVE(1.0),OECD Data Archive,I,COL,Colombia,GDPHRWKD,GDP per hour worked,TOT,Total,USD,US dollars,A,Annual,2006,,10.890402,,A,,,,,,,
DATAFLOW,OECD:DF_DP_LIVE(1.0),OECD Data Archive,I,LTU,Lithuania,GDPHRWKD,GDP per hour worked,TOT,Total,USD,US dollars,A,Annual,2006,,29.589,,A,,,,,,,
DATAFLOW,OECD:DF_DP_LIVE(1.0),OECD Data Archive,I,ESP,Spain,GDPHRWKD,GDP per hour worked,TOT,Total,USD,US dollars,A,Annual,2006,,45.828539,,A,,,,,,,
DATAFLOW,OECD:DF_DP_LIVE(1.0),OECD Data Archive,I,IRL,Ireland,GDPHRWKD,GDP per hour worked,TOT,Total,USD,US dollars,A,Annual,2006,,64.112863,,A,,,,,,,
DATAFLOW,OECD:DF_DP_LIVE(1.0),OECD Data Archive,I,HUN,Hungary,GDPHRWKD,GDP per hour worked,TOT,Total,USD,US dollars,A,Annual,2006,,33.059351,,A,,,,,,,
DATAFLOW,OECD:DF_DP_LIVE(1.0),OECD Data Archive,I,GRC,Greece,GDPHRWKD,GDP per hour worked,TOT,Total,USD,US dollars,A,Annual,2006,,39.980724,,A,,,,,,,
DATAFLOW,OECD:DF_DP_LIVE(1.0),OECD Data Archive,I,CAN,Canada,GDPHRWKD,GDP per hour worked,TOT,Total,USD,US dollars,A,Annual,2006,,47.770347,,A,,,,,,,
DATAFLOW,OECD:DF_DP_LIVE(1.0),OECD Data Archive,I,SWE,Sweden,GDPHRWKD,GDP per hour worked,TOT,Total,USD,US dollars,A,Annual,2005,,63.473288,,A,,,,,,,
DATAFLOW,OECD:DF_DP_LIVE(1.0),OECD Data Archive,I,ITA,Italy,GDPHRWKD,GDP per hour worked,TOT,Total,USD,US dollars,A,Annual,2005,,52.990201,,A,,,,,,,
DATAFLOW,OECD:DF_DP_LIVE(1.0),OECD Data Archive,I,POL,Poland,GDPHRWKD,GDP per hour worked,TOT,Total,USD,US dollars,A,Annual,2005,,26.72517,,A,,,,,,,
DATAFLOW,OECD:DF_DP_LIVE(1.0),OECD Data Archive,I,NLD,Netherlands,GDPHRWKD,GDP per hour worked,TOT,Total,USD,US dollars,A,Annual,2005,,64.097939,,A,,,,,,,
DATAFLOW,OECD:DF_DP_LIVE(1.0),OECD Data Archive,I,DEU,Germany,GDPHRWKD,GDP per hour worked,TOT,Total,USD,US dollars,A,Annual,2005,,59.900695,,A,,,,,,,
DATAFLOW,OECD:DF_DP_LIVE(1.0),OECD Data Archive,I,LUX,Luxembourg,GDPHRWKD,GDP per hour worked,TOT,Total,USD,US dollars,A,Annual,2014,,100.550424,,A,,,,,,,
DATAFLOW,OECD:DF_DP_LIVE(1.0),OECD Data Archive,I,COL,Colombia,GDPHRWKD,GDP per hour worked,TOT,Total,USD,US dollars,A,Annual,2014,,12.371221,,A,,,,,,,
DATAFLOW,OECD:DF_DP_LIVE(1.0),OECD Data Archive,I,LTU,Lithuania,GDPHRWKD,GDP per hour worked,TOT,Total,USD,US dollars,A,Annual,2014,,37.617934,,A,,,,,,,
DATAFLOW,OECD:DF_DP_LIVE(1.0),OECD Data Archive,I,LVA,Latvia,GDPHRWKD,GDP per hour worked,TOT,Total,USD,US dollars,A,Annual,2014,,31.986784,,A,,,,,,,
DATAFLOW,OECD:DF_DP_LIVE(1.0),OECD Data Archive,I,ESP,Spain,GDPHRWKD,GDP per hour worked,TOT,Total,USD,US dollars,A,Annual,2014,,51.361566,,A,,,,,,,
DATAFLOW,OECD:DF_DP_LIVE(1.0),OECD Data Archive,I,IRL,Ireland,GDPHRWKD,GDP per hour worked,TOT,Total,USD,US dollars,A,Annual,2014,,78.039091,,A,,,,,,,
DATAFLOW,OECD:DF_DP_LIVE(1.0),OECD Data Archive,I,HUN,Hungary,GDPHRWKD,GDP per hour worked,TOT,Total,USD,US dollars,A,Annual,2014,,34.479125,,A,,,,,,,
DATAFLOW,OECD:DF_DP_LIVE(1.0),OECD Data Archive,I,GRC,Greece,GDPHRWKD,GDP per hour worked,TOT,Total,USD,US dollars,A,Annual,2014,,33.419253,,A,,,,,,,
DATAFLOW,OECD:DF_DP_LIVE(1.0),OECD Data Archive,I,CAN,Canada,GDPHRWKD,GDP per hour worked,TOT,Total,USD,US dollars,A,Annual,2014,,51.335848,,A,,,,,,,
DATAFLOW,OECD:DF_DP_LIVE(1.0),OECD Data Archive,I,AUS,Australia,GDPHRWKD,GDP per hour worked,TOT,Total,USD,US dollars,A,Annual,2014,,52.800466,,A,,,,,,,
DATAFLOW,OECD:DF_DP_LIVE(1.0),OECD Data Archive,I,AUS,Australia,GDPHRWKD,GDP per hour worked,TOT,Total,USD,US dollars,A,Annual,2019,,55.160537,,E,,,,,,,
DATAFLOW,OECD:DF_DP_LIVE(1.0),OECD Data Archive,I,AUS,Australia,GDPHRWKD,GDP per hour worked,TOT,Total,USD,US dollars,A,Annual,2020,,56.133988,,E,,,,,,,
DATAFLOW,OECD:DF_DP_LIVE(1.0),OECD Data Archive,I,MEX,Mexico,GDPHRWKD,GDP per hour worked,TOT,Total,USD,US dollars,A,Annual,2005,,20.034146,,B,,,,,,,
DATAFLOW,OECD:DF_DP_LIVE(1.0),OECD Data Archive,I,LVA,Latvia,GDPHRWKD,GDP per hour worked,TOT,Total,USD,US dollars,A,Annual,2006,,25.49793,,B,,,,,,,
DATAFLOW,OECD:DF_DP_LIVE(1.0),OECD Data Archive,I,JPN,Japan,GDPHRWKD,GDP per hour worked,TOT,Total,USD,US dollars,A,Annual,2010,,43.440399,,A,,,,,,,
DATAFLOW,OECD:DF_DP_LIVE(1.0),OECD Data Archive,I,FIN,Finland,GDPHRWKD,GDP per hour worked,TOT,Total,USD,US dollars,A,Annual,2010,,58.660065,,A,,,,,,,
DATAFLOW,OECD:DF_DP_LIVE(1.0),OECD Data Archive,I,OECD,OECD - Total,GDPHRWKD,GDP per hour worked,TOT,Total,USD,US dollars,A,Annual,2010,,47.800422,,A,,,,,,,
DATAFLOW,OECD:DF_DP_LIVE(1.0),OECD Data Archive,I,PRT,Portugal,GDPHRWKD,GDP per hour worked,TOT,Total,USD,US dollars,A,Annual,2010,,37.685604,,A,,,,,,,
DATAFLOW,OECD:DF_DP_LIVE(1.0),OECD Data Archive,I,MEX,Mexico,GDPHRWKD,GDP per hour worked,TOT,Total,USD,US dollars,A,Annual,2010,,19.744299,,A,,,,,,,
DATAFLOW,OECD:DF_DP_LIVE(1.0),OECD Data Archive,I,FRA,France,GDPHRWKD,GDP per hour worked,TOT,Total,USD,US dollars,A,Annual,2010,,62.484285,,A,,,,,,,
DATAFLOW,OECD:DF_DP_LIVE(1.0),OECD Data Archive,I,CRI,Costa Rica,GDPHRWKD,GDP per hour worked,TOT,Total,USD,US dollars,A,Annual,2010,,17.122775,,A,,,,,,,
DATAFLOW,OECD:DF_DP_LIVE(1.0),OECD Data Archive,I,ISR,Israel,GDPHRWKD,GDP per hour worked,TOT,Total,USD,US dollars,A,Annual,2010,,38.0946,,A,,,,,,,
DATAFLOW,OECD:DF_DP_LIVE(1.0),OECD Data Archive,I,GBR,United Kingdom,GDPHRWKD,GDP per hour worked,TOT,Total,USD,US dollars,A,Annual,2010,,56.977221,,A,,,,,,,
DATAFLOW,OECD:DF_DP_LIVE(1.0),OECD Data Archive,I,CHE,Switzerland,GDPHRWKD,GDP per hour worked,TOT,Total,USD,US dollars,A,Annual,2010,,68.620315,,A,,,,,,,
DATAFLOW,OECD:DF_DP_LIVE(1.0),OECD Data Archive,I,NOR,Norway,GDPHRWKD,GDP per hour worked,TOT,Total,USD,US dollars,A,Annual,2010,,79.200218,,A,,,,,,,
DATAFLOW,OECD:DF_DP_LIVE(1.0),OECD Data Archive,I,AUT,Austria,GDPHRWKD,GDP per hour worked,TOT,Total,USD,US dollars,A,Annual,2010,,64.310644,,A,,,,,,,
DATAFLOW,OECD:DF_DP_LIVE(1.0),OECD Data Archive,I,NZL,New Zealand,GDPHRWKD,GDP per hour worked,TOT,Total,USD,US dollars,A,Annual,2009,,39.66921,,A,,,,,,,
DATAFLOW,OECD:DF_DP_LIVE(1.0),OECD Data Archive,I,ISL,Iceland,GDPHRWKD,GDP per hour worked,TOT,Total,USD,US dollars,A,Annual,2009,,57.958666,,A,,,,,,,
DATAFLOW,OECD:DF_DP_LIVE(1.0),OECD Data Archive,I,DNK,Denmark,GDPHRWKD,GDP per hour worked,TOT,Total,USD,US dollars,A,Annual,2009,,63.453957,,A,,,,,,,
DATAFLOW,OECD:DF_DP_LIVE(1.0),OECD Data Archive,I,BEL,Belgium,GDPHRWKD,GDP per hour worked,TOT,Total,USD,US dollars,A,Annual,2009,,68.020751,,A,,,,,,,
DATAFLOW,OECD:DF_DP_LIVE(1.0),OECD Data Archive,I,SVN,Slovenia,GDPHRWKD,GDP per hour worked,TOT,Total,USD,US dollars,A,Annual,2009,,38.181149,,A,,,,,,,
DATAFLOW,OECD:DF_DP_LIVE(1.0),OECD Data Archive,I,EST,Estonia,GDPHRWKD,GDP per hour worked,TOT,Total,USD,US dollars,A,Annual,2009,,31.593052,,A,,,,,,,
DATAFLOW,OECD:DF_DP_LIVE(1.0),OECD Data Archive,I,CHL,Chile,GDPHRWKD,GDP per hour worked,TOT,Total,USD,US dollars,A,Annual,2009,,23.12702,,A,,,,,,,
DATAFLOW,OECD:DF_DP_LIVE(1.0),OECD Data Archive,I,FIN,Finland,GDPHRWKD,GDP per hour worked,TOT,Total,USD,US dollars,A,Annual,2009,,56.693486,,A,,,,,,,
DATAFLOW,OECD:DF_DP_LIVE(1.0),OECD Data Archive,I,JPN,Japan,GDPHRWKD,GDP per hour worked,TOT,Total,USD,US dollars,A,Annual,2009,,42.137637,,A,,,,,,,
DATAFLOW,OECD:DF_DP_LIVE(1.0),OECD Data Archive,I,USA,United States,GDPHRWKD,GDP per hour worked,TOT,Total,USD,US dollars,A,Annual,2009,,66.089234,,A,,,,,,,
DATAFLOW,OECD:DF_DP_LIVE(1.0),OECD Data Archive,I,TUR,Türkiye,GDPHRWKD,GDP per hour worked,TOT,Total,USD,US dollars,A,Annual,2009,,34.328244,,A,,,,,,,
DATAFLOW,OECD:DF_DP_LIVE(1.0),OECD Data Archive,I,SVK,Slovak Republic,GDPHRWKD,GDP per hour worked,TOT,Total,USD,US dollars,A,Annual,2009,,34.443631,,A,,,,,,,
DATAFLOW,OECD:DF_DP_LIVE(1.0),OECD Data Archive,I,LUX,Luxembourg,GDPHRWKD,GDP per hour worked,TOT,Total,USD,US dollars,A,Annual,2009,,99.484621,,A,,,,,,,
DATAFLOW,OECD:DF_DP_LIVE(1.0),OECD Data Archive,I,COL,Colombia,GDPHRWKD,GDP per hour worked,TOT,Total,USD,US dollars,A,Annual,2012,,11.629282,,A,,,,,,,
DATAFLOW,OECD:DF_DP_LIVE(1.0),OECD Data Archive,I,LTU,Lithuania,GDPHRWKD,GDP per hour worked,TOT,Total,USD,US dollars,A,Annual,2012,,35.808703,,A,,,,,,,
DATAFLOW,OECD:DF_DP_LIVE(1.0),OECD Data Archive,I,LVA,Latvia,GDPHRWKD,GDP per hour worked,TOT,Total,USD,US dollars,A,Annual,2012,,31.122517,,A,,,,,,,
DATAFLOW,OECD:DF_DP_LIVE(1.0),OECD Data Archive,I,ESP,Spain,GDPHRWKD,GDP per hour worked,TOT,Total,USD,US dollars,A,Annual,2012,,50.458453,,A,,,,,,,
DATAFLOW,OECD:DF_DP_LIVE(1.0),OECD Data Archive,I,HUN,Hungary,GDPHRWKD,GDP per hour worked,TOT,Total,USD,US dollars,A,Annual,2012,,34.615419,,A,,,,,,,
DATAFLOW,OECD:DF_DP_LIVE(1.0),OECD Data Archive,I,GRC,Greece,GDPHRWKD,GDP per hour worked,TOT,Total,USD,US dollars,A,Annual,2012,,34.411592,,A,,,,,,,
DATAFLOW,OECD:DF_DP_LIVE(1.0),OECD Data Archive,I,IRL,Ireland,GDPHRWKD,GDP per hour worked,TOT,Total,USD,US dollars,A,Annual,2012,,76.040261,,A,,,,,,,
DATAFLOW,OECD:DF_DP_LIVE(1.0),OECD Data Archive,I,CAN,Canada,GDPHRWKD,GDP per hour worked,TOT,Total,USD,US dollars,A,Annual,2012,,49.199419,,A,,,,,,,
DATAFLOW,OECD:DF_DP_LIVE(1.0),OECD Data Archive,I,AUS,Australia,GDPHRWKD,GDP per hour worked,TOT,Total,USD,US dollars,A,Annual,2012,,51.65126,,A,,,,,,,
DATAFLOW,OECD:DF_DP_LIVE(1.0),OECD Data Archive,I,SWE,Sweden,GDPHRWKD,GDP per hour worked,TOT,Total,USD,US dollars,A,Annual,2012,,65.868736,,A,,,,,,,
DATAFLOW,OECD:DF_DP_LIVE(1.0),OECD Data Archive,I,ITA,Italy,GDPHRWKD,GDP per hour worked,TOT,Total,USD,US dollars,A,Annual,2012,,52.728249,,A,,,,,,,
DATAFLOW,OECD:DF_DP_LIVE(1.0),OECD Data Archive,I,SVN,Slovenia,GDPHRWKD,GDP per hour worked,TOT,Total,USD,US dollars,A,Annual,2012,,40.691154,,A,,,,,,,
DATAFLOW,OECD:DF_DP_LIVE(1.0),OECD Data Archive,I,EST,Estonia,GDPHRWKD,GDP per hour worked,TOT,Total,USD,US dollars,A,Annual,2012,,33.827583,,A,,,,,,,
DATAFLOW,OECD:DF_DP_LIVE(1.0),OECD Data Archive,I,CHL,Chile,GDPHRWKD,GDP per hour worked,TOT,Total,USD,US dollars,A,Annual,2012,,23.647491,,A,,,,,,,
DATAFLOW,OECD:DF_DP_LIVE(1.0),OECD Data Archive,I,JPN,Japan,GDPHRWKD,GDP per hour worked,TOT,Total,USD,US dollars,A,Annual,2012,,44.192081,,A,,,,,,,
DATAFLOW,OECD:DF_DP_LIVE(1.0),OECD Data Archive,I,FIN,Finland,GDPHRWKD,GDP per hour worked,TOT,Total,USD,US dollars,A,Annual,2012,,58.538786,,A,,,,,,,
DATAFLOW,OECD:DF_DP_LIVE(1.0),OECD Data Archive,I,USA,United States,GDPHRWKD,GDP per hour worked,TOT,Total,USD,US dollars,A,Annual,2015,,69.047471,,A,,,,,,,
DATAFLOW,OECD:DF_DP_LIVE(1.0),OECD Data Archive,I,TUR,Türkiye,GDPHRWKD,GDP per hour worked,TOT,Total,USD,US dollars,A,Annual,2015,,42.094218,,A,,,,,,,
DATAFLOW,OECD:DF_DP_LIVE(1.0),OECD Data Archive,I,SVK,Slovak Republic,GDPHRWKD,GDP per hour worked,TOT,Total,USD,US dollars,A,Annual,2015,,40.990746,,A,,,,,,,
DATAFLOW,OECD:DF_DP_LIVE(1.0),OECD Data Archive,I,LUX,Luxembourg,GDPHRWKD,GDP per hour worked,TOT,Total,USD,US dollars,A,Annual,2015,,99.777819,,A,,,,,,,
DATAFLOW,OECD:DF_DP_LIVE(1.0),OECD Data Archive,I,CRI,Costa Rica,GDPHRWKD,GDP per hour worked,TOT,Total,USD,US dollars,A,Annual,2015,,19.707747,,A,,,,,,,
DATAFLOW,OECD:DF_DP_LIVE(1.0),OECD Data Archive,I,ISR,Israel,GDPHRWKD,GDP per hour worked,TOT,Total,USD,US dollars,A,Annual,2015,,40.253014,,A,,,,,,,
DATAFLOW,OECD:DF_DP_LIVE(1.0),OECD Data Archive,I,GBR,United Kingdom,GDPHRWKD,GDP per hour worked,TOT,Total,USD,US dollars,A,Annual,2015,,57.996682,,A,,,,,,,
DATAFLOW,OECD:DF_DP_LIVE(1.0),OECD Data Archive,I,CHE,Switzerland,GDPHRWKD,GDP per hour worked,TOT,Total,USD,US dollars,A,Annual,2015,,69.982344,,A,,,,,,,
DATAFLOW,OECD:DF_DP_LIVE(1.0),OECD Data Archive,I,AUT,Austria,GDPHRWKD,GDP per hour worked,TOT,Total,USD,US dollars,A,Annual,2015,,67.261798,,A,,,,,,,
DATAFLOW,OECD:DF_DP_LIVE(1.0),OECD Data Archive,I,NOR,Norway,GDPHRWKD,GDP per hour worked,TOT,Total,USD,US dollars,A,Annual,2015,,81.517077,,A,,,,,,,
DATAFLOW,OECD:DF_DP_LIVE(1.0),OECD Data Archive,I,SWE,Sweden,GDPHRWKD,GDP per hour worked,TOT,Total,USD,US dollars,A,Annual,2015,,69.074511,,A,,,,,,,
DATAFLOW,OECD:DF_DP_LIVE(1.0),OECD Data Archive,I,NZL,New Zealand,GDPHRWKD,GDP per hour worked,TOT,Total,USD,US dollars,A,Annual,2015,,41.622831,,A,,,,,,,
DATAFLOW,OECD:DF_DP_LIVE(1.0),OECD Data Archive,I,ITA,Italy,GDPHRWKD,GDP per hour worked,TOT,Total,USD,US dollars,A,Annual,2015,,53.221214,,A,,,,,,,
DATAFLOW,OECD:DF_DP_LIVE(1.0),OECD Data Archive,I,OECD,OECD - Total,GDPHRWKD,GDP per hour worked,TOT,Total,USD,US dollars,A,Annual,2011,,48.330442,,A,,,,,,,
DATAFLOW,OECD:DF_DP_LIVE(1.0),OECD Data Archive,I,PRT,Portugal,GDPHRWKD,GDP per hour worked,TOT,Total,USD,US dollars,A,Annual,2011,,38.24525,,A,,,,,,,
DATAFLOW,OECD:DF_DP_LIVE(1.0),OECD Data Archive,I,MEX,Mexico,GDPHRWKD,GDP per hour worked,TOT,Total,USD,US dollars,A,Annual,2011,,20.05155,,A,,,,,,,
DATAFLOW,OECD:DF_DP_LIVE(1.0),OECD Data Archive,I,FRA,France,GDPHRWKD,GDP per hour worked,TOT,Total,USD,US dollars,A,Annual,2011,,63.109941,,A,,,,,,,
DATAFLOW,OECD:DF_DP_LIVE(1.0),OECD Data Archive,I,COL,Colombia,GDPHRWKD,GDP per hour worked,TOT,Total,USD,US dollars,A,Annual,2011,,11.496924,,A,,,,,,,
DATAFLOW,OECD:DF_DP_LIVE(1.0),OECD Data Archive,I,LTU,Lithuania,GDPHRWKD,GDP per hour worked,TOT,Total,USD,US dollars,A,Annual,2011,,35.093396,,A,,,,,,,
DATAFLOW,OECD:DF_DP_LIVE(1.0),OECD Data Archive,I,LVA,Latvia,GDPHRWKD,GDP per hour worked,TOT,Total,USD,US dollars,A,Annual,2011,,29.230219,,A,,,,,,,
DATAFLOW,OECD:DF_DP_LIVE(1.0),OECD Data Archive,I,ESP,Spain,GDPHRWKD,GDP per hour worked,TOT,Total,USD,US dollars,A,Annual,2011,,49.503478,,A,,,,,,,
DATAFLOW,OECD:DF_DP_LIVE(1.0),OECD Data Archive,I,IRL,Ireland,GDPHRWKD,GDP per hour worked,TOT,Total,USD,US dollars,A,Annual,2011,,75.574361,,A,,,,,,,
DATAFLOW,OECD:DF_DP_LIVE(1.0),OECD Data Archive,I,HUN,Hungary,GDPHRWKD,GDP per hour worked,TOT,Total,USD,US dollars,A,Annual,2011,,35.064454,,A,,,,,,,
DATAFLOW,OECD:DF_DP_LIVE(1.0),OECD Data Archive,I,GRC,Greece,GDPHRWKD,GDP per hour worked,TOT,Total,USD,US dollars,A,Annual,2011,,36.286315,,A,,,,,,,
DATAFLOW,OECD:DF_DP_LIVE(1.0),OECD Data Archive,I,AUS,Australia,GDPHRWKD,GDP per hour worked,TOT,Total,USD,US dollars,A,Annual,2011,,50.432679,,A,,,,,,,
DATAFLOW,OECD:DF_DP_LIVE(1.0),OECD Data Archive,I,CAN,Canada,GDPHRWKD,GDP per hour worked,TOT,Total,USD,US dollars,A,Annual,2011,,49.207519,,A,,,,,,,
DATAFLOW,OECD:DF_DP_LIVE(1.0),OECD Data Archive,I,NZL,New Zealand,GDPHRWKD,GDP per hour worked,TOT,Total,USD,US dollars,A,Annual,2011,,40.079582,,A,,,,,,,
DATAFLOW,OECD:DF_DP_LIVE(1.0),OECD Data Archive,I,ISL,Iceland,GDPHRWKD,GDP per hour worked,TOT,Total,USD,US dollars,A,Annual,2011,,57.412617,,A,,,,,,,
DATAFLOW,OECD:DF_DP_LIVE(1.0),OECD Data Archive,I,DNK,Denmark,GDPHRWKD,GDP per hour worked,TOT,Total,USD,US dollars,A,Annual,2011,,66.165566,,A,,,,,,,
DATAFLOW,OECD:DF_DP_LIVE(1.0),OECD Data Archive,I,BEL,Belgium,GDPHRWKD,GDP per hour worked,TOT,Total,USD,US dollars,A,Annual,2011,,68.581978,,A,,,,,,,
DATAFLOW,OECD:DF_DP_LIVE(1.0),OECD Data Archive,I,OECD,OECD - Total,GDPHRWKD,GDP per hour worked,TOT,Total,USD,US dollars,A,Annual,2019,,52.127869,,A,,,,,,,
DATAFLOW,OECD:DF_DP_LIVE(1.0),OECD Data Archive,I,PRT,Portugal,GDPHRWKD,GDP per hour worked,TOT,Total,USD,US dollars,A,Annual,2019,,39.667314,,A,,,,,,,
DATAFLOW,OECD:DF_DP_LIVE(1.0),OECD Data Archive,I,MEX,Mexico,GDPHRWKD,GDP per hour worked,TOT,Total,USD,US dollars,A,Annual,2019,,20.130092,,A,,,,,,,
DATAFLOW,OECD:DF_DP_LIVE(1.0),OECD Data Archive,I,FRA,France,GDPHRWKD,GDP per hour worked,TOT,Total,USD,US dollars,A,Annual,2019,,67.417144,,A,,,,,,,
DATAFLOW,OECD:DF_DP_LIVE(1.0),OECD Data Archive,I,COL,Colombia,GDPHRWKD,GDP per hour worked,TOT,Total,USD,US dollars,A,Annual,2019,,13.46144,,A,,,,,,,
DATAFLOW,OECD:DF_DP_LIVE(1.0),OECD Data Archive,I,LTU,Lithuania,GDPHRWKD,GDP per hour worked,TOT,Total,USD,US dollars,A,Annual,2019,,42.149926,,A,,,,,,,
DATAFLOW,OECD:DF_DP_LIVE(1.0),OECD Data Archive,I,LVA,Latvia,GDPHRWKD,GDP per hour worked,TOT,Total,USD,US dollars,A,Annual,2019,,37.296261,,A,,,,,,,
DATAFLOW,OECD:DF_DP_LIVE(1.0),OECD Data Archive,I,ESP,Spain,GDPHRWKD,GDP per hour worked,TOT,Total,USD,US dollars,A,Annual,2019,,52.631029,,A,,,,,,,
DATAFLOW,OECD:DF_DP_LIVE(1.0),OECD Data Archive,I,IRL,Ireland,GDPHRWKD,GDP per hour worked,TOT,Total,USD,US dollars,A,Annual,2019,,102.388435,,A,,,,,,,
DATAFLOW,OECD:DF_DP_LIVE(1.0),OECD Data Archive,I,HUN,Hungary,GDPHRWKD,GDP per hour worked,TOT,Total,USD,US dollars,A,Annual,2019,,38.24754,,A,,,,,,,
DATAFLOW,OECD:DF_DP_LIVE(1.0),OECD Data Archive,I,GRC,Greece,GDPHRWKD,GDP per hour worked,TOT,Total,USD,US dollars,A,Annual,2019,,33.112688,,A,,,,,,,
DATAFLOW,OECD:DF_DP_LIVE(1.0),OECD Data Archive,I,CAN,Canada,GDPHRWKD,GDP per hour worked,TOT,Total,USD,US dollars,A,Annual,2019,,52.695282,,A,,,,,,,
DATAFLOW,OECD:DF_DP_LIVE(1.0),OECD Data Archive,I,CHL,Chile,GDPHRWKD,GDP per hour worked,TOT,Total,USD,US dollars,A,Annual,2019,,25.297552,,A,,,,,,,
DATAFLOW,OECD:DF_DP_LIVE(1.0),OECD Data Archive,I,ISL,Iceland,GDPHRWKD,GDP per hour worked,TOT,Total,USD,US dollars,A,Annual,2019,,64.295165,,A,,,,,,,
DATAFLOW,OECD:DF_DP_LIVE(1.0),OECD Data Archive,I,DNK,Denmark,GDPHRWKD,GDP per hour worked,TOT,Total,USD,US dollars,A,Annual,2019,,74.317394,,A,,,,,,,
DATAFLOW,OECD:DF_DP_LIVE(1.0),OECD Data Archive,I,BEL,Belgium,GDPHRWKD,GDP per hour worked,TOT,Total,USD,US dollars,A,Annual,2019,,72.259255,,A,,,,,,,
DATAFLOW,OECD:DF_DP_LIVE(1.0),OECD Data Archive,I,ISL,Iceland,GDPHRWKD,GDP per hour worked,TOT,Total,USD,US dollars,A,Annual,2017,,60.815593,,A,,,,,,,
DATAFLOW,OECD:DF_DP_LIVE(1.0),OECD Data Archive,I,DNK,Denmark,GDPHRWKD,GDP per hour worked,TOT,Total,USD,US dollars,A,Annual,2017,,72.180878,,A,,,,,,,
DATAFLOW,OECD:DF_DP_LIVE(1.0),OECD Data Archive,I,BEL,Belgium,GDPHRWKD,GDP per hour worked,TOT,Total,USD,US dollars,A,Annual,2017,,71.534022,,A,,,,,,,
DATAFLOW,OECD:DF_DP_LIVE(1.0),OECD Data Archive,I,SVN,Slovenia,GDPHRWKD,GDP per hour worked,TOT,Total,USD,US dollars,A,Annual,2017,,44.000646,,A,,,,,,,
DATAFLOW,OECD:DF_DP_LIVE(1.0),OECD Data Archive,I,EST,Estonia,GDPHRWKD,GDP per hour worked,TOT,Total,USD,US dollars,A,Annual,2017,,36.924931,,A,,,,,,,
DATAFLOW,OECD:DF_DP_LIVE(1.0),OECD Data Archive,I,CHL,Chile,GDPHRWKD,GDP per hour worked,TOT,Total,USD,US dollars,A,Annual,2017,,24.794087,,A,,,,,,,
DATAFLOW,OECD:DF_DP_LIVE(1.0),OECD Data Archive,I,FIN,Finland,GDPHRWKD,GDP per hour worked,TOT,Total,USD,US dollars,A,Annual,2017,,62.263776,,A,,,,,,,
DATAFLOW,OECD:DF_DP_LIVE(1.0),OECD Data Archive,I,JPN,Japan,GDPHRWKD,GDP per hour worked,TOT,Total,USD,US dollars,A,Annual,2017,,46.638749,,A,,,,,,,
DATAFLOW,OECD:DF_DP_LIVE(1.0),OECD Data Archive,I,USA,United States,GDPHRWKD,GDP per hour worked,TOT,Total,USD,US dollars,A,Annual,2017,,69.876907,,A,,,,,,,
DATAFLOW,OECD:DF_DP_LIVE(1.0),OECD Data Archive,I,TUR,Türkiye,GDPHRWKD,GDP per hour worked,TOT,Total,USD,US dollars,A,Annual,2017,,45.090563,,A,,,,,,,
DATAFLOW,OECD:DF_DP_LIVE(1.0),OECD Data Archive,I,SVK,Slovak Republic,GDPHRWKD,GDP per hour worked,TOT,Total,USD,US dollars,A,Annual,2017,,42.075311,,A,,,,,,,
DATAFLOW,OECD:DF_DP_LIVE(1.0),OECD Data Archive,I,LUX,Luxembourg,GDPHRWKD,GDP per hour worked,TOT,Total,USD,US dollars,A,Annual,2017,,100.25682,,A,,,,,,,
DATAFLOW,OECD:DF_DP_LIVE(1.0),OECD Data Archive,I,SVN,Slovenia,GDPHRWKD,GDP per hour worked,TOT,Total,USD,US dollars,A,Annual,2018,,45.061827,,A,,,,,,,
DATAFLOW,OECD:DF_DP_LIVE(1.0),OECD Data Archive,I,EST,Estonia,GDPHRWKD,GDP per hour worked,TOT,Total,USD,US dollars,A,Annual,2018,,39.328419,,A,,,,,,,
DATAFLOW,OECD:DF_DP_LIVE(1.0),OECD Data Archive,I,JPN,Japan,GDPHRWKD,GDP per hour worked,TOT,Total,USD,US dollars,A,Annual,2018,,46.924771,,A,,,,,,,
DATAFLOW,OECD:DF_DP_LIVE(1.0),OECD Data Archive,I,FIN,Finland,GDPHRWKD,GDP per hour worked,TOT,Total,USD,US dollars,A,Annual,2018,,61.531074,,A,,,,,,,
DATAFLOW,OECD:DF_DP_LIVE(1.0),OECD Data Archive,I,OECD,OECD - Total,GDPHRWKD,GDP per hour worked,TOT,Total,USD,US dollars,A,Annual,2018,,51.565379,,A,,,,,,,
DATAFLOW,OECD:DF_DP_LIVE(1.0),OECD Data Archive,I,PRT,Portugal,GDPHRWKD,GDP per hour worked,TOT,Total,USD,US dollars,A,Annual,2018,,39.075294,,A,,,,,,,
DATAFLOW,OECD:DF_DP_LIVE(1.0),OECD Data Archive,I,MEX,Mexico,GDPHRWKD,GDP per hour worked,TOT,Total,USD,US dollars,A,Annual,2018,,20.639588,,A,,,,,,,
DATAFLOW,OECD:DF_DP_LIVE(1.0),OECD Data Archive,I,FRA,France,GDPHRWKD,GDP per hour worked,TOT,Total,USD,US dollars,A,Annual,2018,,67.155153,,A,,,,,,,
DATAFLOW,OECD:DF_DP_LIVE(1.0),OECD Data Archive,I,CRI,Costa Rica,GDPHRWKD,GDP per hour worked,TOT,Total,USD,US dollars,A,Annual,2018,,21.446167,,A,,,,,,,
DATAFLOW,OECD:DF_DP_LIVE(1.0),OECD Data Archive,I,ISR,Israel,GDPHRWKD,GDP per hour worked,TOT,Total,USD,US dollars,A,Annual,2018,,42.309468,,A,,,,,,,
DATAFLOW,OECD:DF_DP_LIVE(1.0),OECD Data Archive,I,GBR,United Kingdom,GDPHRWKD,GDP per hour worked,TOT,Total,USD,US dollars,A,Annual,2018,,58.909183,,A,,,,,,,
DATAFLOW,OECD:DF_DP_LIVE(1.0),OECD Data Archive,I,CHE,Switzerland,GDPHRWKD,GDP per hour worked,TOT,Total,USD,US dollars,A,Annual,2018,,73.212853,,A,,,,,,,
DATAFLOW,OECD:DF_DP_LIVE(1.0),OECD Data Archive,I,NOR,Norway,GDPHRWKD,GDP per hour worked,TOT,Total,USD,US dollars,A,Annual,2018,,83.113366,,A,,,,,,,
DATAFLOW,OECD:DF_DP_LIVE(1.0),OECD Data Archive,I,AUT,Austria,GDPHRWKD,GDP per hour worked,TOT,Total,USD,US dollars,A,Annual,2018,,68.321268,,A,,,,,,,
DATAFLOW,OECD:DF_DP_LIVE(1.0),OECD Data Archive,I,SWE,Sweden,GDPHRWKD,GDP per hour worked,TOT,Total,USD,US dollars,A,Annual,2013,,66.395834,,A,,,,,,,
DATAFLOW,OECD:DF_DP_LIVE(1.0),OECD Data Archive,I,ITA,Italy,GDPHRWKD,GDP per hour worked,TOT,Total,USD,US dollars,A,Annual,2013,,53.147359,,A,,,,,,,
DATAFLOW,OECD:DF_DP_LIVE(1.0),OECD Data Archive,I,POL,Poland,GDPHRWKD,GDP per hour worked,TOT,Total,USD,US dollars,A,Annual,2013,,33.466584,,A,,,,,,,
DATAFLOW,OECD:DF_DP_LIVE(1.0),OECD Data Archive,I,NLD,Netherlands,GDPHRWKD,GDP per hour worked,TOT,Total,USD,US dollars,A,Annual,2013,,66.678971,,A,,,,,,,
DATAFLOW,OECD:DF_DP_LIVE(1.0),OECD Data Archive,I,KOR,Korea,GDPHRWKD,GDP per hour worked,TOT,Total,USD,US dollars,A,Annual,2013,,34.297771,,A,,,,,,,
DATAFLOW,OECD:DF_DP_LIVE(1.0),OECD Data Archive,I,DEU,Germany,GDPHRWKD,GDP per hour worked,TOT,Total,USD,US dollars,A,Annual,2013,,63.392823,,A,,,,,,,
DATAFLOW,OECD:DF_DP_LIVE(1.0),OECD Data Archive,I,CZE,Czechia,GDPHRWKD,GDP per hour worked,TOT,Total,USD,US dollars,A,Annual,2013,,37.004724,,A,,,,,,,
DATAFLOW,OECD:DF_DP_LIVE(1.0),OECD Data Archive,I,OECD,OECD - Total,GDPHRWKD,GDP per hour worked,TOT,Total,USD,US dollars,A,Annual,2013,,49.140764,,A,,,,,,,
DATAFLOW,OECD:DF_DP_LIVE(1.0),OECD Data Archive,I,PRT,Portugal,GDPHRWKD,GDP per hour worked,TOT,Total,USD,US dollars,A,Annual,2013,,39.177468,,A,,,,,,,
DATAFLOW,OECD:DF_DP_LIVE(1.0),OECD Data Archive,I,MEX,Mexico,GDPHRWKD,GDP per hour worked,TOT,Total,USD,US dollars,A,Annual,2013,,20.42621,,A,,,,,,,
